id,name,id_name_yrs,s2006e2007bao,s2006e2007bah,s2006e2007bal,s2006e2007yrs,s2006e2008bao,s2006e2008bah,s2006e2008bal,s2006e2008yrs,s2006e2009bao,s2006e2009bah,s2006e2009bal,s2006e2009yrs,s2006e2010bao,s2006e2010bah,s2006e2010bal,s2006e2010yrs,s2006e2011bao,s2006e2011bah,s2006e2011bal,s2006e2011yrs,s2006e2012bao,s2006e2012bah,s2006e2012bal,s2006e2012yrs,s2006e2013bao,s2006e2013bah,s2006e2013bal,s2006e2013yrs,s2006e2014bao,s2006e2014bah,s2006e2014bal,s2006e2014yrs,s2006e2015bao,s2006e2015bah,s2006e2015bal,s2006e2015yrs,s2006e2016bao,s2006e2016bah,s2006e2016bal,s2006e2016yrs,s2006e2017bao,s2006e2017bah,s2006e2017bal,s2006e2017yrs,s2006e2018bao,s2006e2018bah,s2006e2018bal,s2006e2018yrs,s2006e2019bao,s2006e2019bah,s2006e2019bal,s2006e2019yrs,s2006e2020bao,s2006e2020bah,s2006e2020bal,s2006e2020yrs,s2006e2021bao,s2006e2021bah,s2006e2021bal,s2006e2021yrs,s2006e2022bao,s2006e2022bah,s2006e2022bal,s2006e2022yrs,s2006e2023bao,s2006e2023bah,s2006e2023bal,s2006e2023yrs,s2006e2024bao,s2006e2024bah,s2006e2024bal,s2006e2024yrs,s2006e2025bao,s2006e2025bah,s2006e2025bal,s2006e2025yrs,s2006e2026bao,s2006e2026bah,s2006e2026bal,s2006e2026yrs
1101,台泥,1101-台泥-21,46.9,44.6,47.8,2,10.0,8.7,12.3,3,14.6,13.3,16.6,4,11.5,10.5,13.2,5,11.3,10.3,12.7,6,11.7,10.8,13.0,7,12.9,12.1,14.0,8,10.9,10.2,11.9,9,5.3,4.6,6.2,10,7.5,6.8,8.3,11,7.3,6.7,8.1,12,7.5,6.9,8.1,13,9.4,8.9,10.1,14,9.3,8.8,9.9,15,9.7,9.3,10.3,16,7.5,7.0,8.0,17,7.2,6.8,7.8,18,6.4,6.0,6.8,19,4.3,3.9,4.8,20,4.1,3.8,4.6,21
1102,亞泥,1102-亞泥-21,75.3,72.3,75.5,2,26.0,24.5,27.3,3,26.8,25.4,27.9,4,20.5,19.5,21.5,5,18.7,17.7,19.5,6,18.4,17.6,19.1,7,16.9,16.2,17.5,8,15.5,14.8,16.0,9,10.3,9.7,10.8,10,9.1,8.6,9.6,11,9.0,8.5,9.4,12,9.9,9.4,10.3,13,12.2,11.8,12.6,14,10.9,10.5,11.3,15,10.7,10.3,11.0,16,9.9,9.5,10.2,17,9.6,9.2,9.9,18,9.0,8.7,9.3,19,8.0,7.6,8.3,20,7.6,7.3,7.9,21
1103,嘉泥,1103-嘉泥-21,28.0,25.6,28.6,2,1.3,-0.3,3.2,3,10.1,8.4,11.9,4,7.3,6.0,8.9,5,0.2,-0.9,1.7,6,3.0,2.0,4.3,7,4.2,3.2,5.3,8,3.1,2.2,4.1,9,-1.0,-1.8,-0.0,10,-1.6,-2.2,-0.7,11,2.3,1.6,3.2,12,2.5,1.8,3.3,13,6.3,5.6,7.1,14,5.0,4.4,5.8,15,5.5,4.9,6.3,16,4.2,3.6,4.9,17,4.6,4.1,5.3,18,3.8,3.3,4.4,19,2.5,2.0,3.1,20,2.2,1.7,2.7,21
1104,環泥,1104-環泥-21,19.0,17.4,19.6,2,15.2,13.4,15.6,3,19.8,18.1,20.3,4,16.9,15.5,17.4,5,8.4,7.3,9.0,6,10.4,9.4,10.9,7,17.2,16.1,17.6,8,14.2,13.3,14.7,9,11.5,10.7,12.0,10,11.6,10.9,12.0,11,10.4,9.7,10.8,12,8.2,7.6,8.5,13,8.1,7.5,8.4,14,9.0,8.4,9.3,15,8.0,7.5,8.3,16,7.9,7.4,8.2,17,9.6,9.1,9.8,18,9.1,8.6,9.4,19,8.8,8.3,9.0,20,8.0,7.6,8.3,21
1108,幸福,1108-幸福-21,16.5,14.6,17.4,2,-2.4,-3.9,-0.8,3,8.6,6.9,10.1,4,4.4,3.1,5.7,5,-3.2,-4.2,-1.9,6,0.6,-0.4,1.8,7,3.4,2.4,4.4,8,5.9,4.8,6.7,9,5.5,4.5,6.3,10,4.6,3.8,5.4,11,3.9,3.1,4.6,12,2.4,1.8,3.1,13,3.2,2.5,3.8,14,5.9,5.2,6.5,15,5.3,4.6,5.9,16,4.5,3.9,5.1,17,6.7,6.1,7.3,18,6.1,5.5,6.6,19,5.9,5.3,6.4,20,5.5,5.0,5.9,21
1109,信大,1109-信大-21,13.2,12.0,13.8,2,-0.8,-1.9,0.4,3,6.9,5.6,7.8,4,5.4,4.4,6.2,5,5.2,4.4,5.9,6,4.9,4.1,5.5,7,6.1,5.4,6.6,8,7.4,6.7,7.9,9,3.7,3.1,4.2,10,3.4,2.8,3.8,11,5.4,4.8,5.8,12,5.3,4.8,5.7,13,8.0,7.4,8.4,14,7.7,7.2,8.1,15,7.7,7.2,8.1,16,5.8,5.3,6.2,17,6.6,6.1,6.9,18,6.3,5.8,6.6,19,5.1,4.7,5.4,20,4.8,4.4,5.1,21
1110,東泥,1110-東泥-21,36.1,33.9,37.0,2,14.1,12.4,15.5,3,15.8,14.3,17.1,4,16.3,15.0,17.4,5,7.8,6.8,8.8,6,11.7,10.7,12.6,7,13.0,12.1,13.8,8,11.0,10.2,11.7,9,8.9,8.2,9.6,10,8.1,7.5,8.7,11,6.6,6.0,7.1,12,7.1,6.5,7.6,13,6.7,6.2,7.2,14,6.3,5.8,6.8,15,6.6,6.2,7.1,16,5.7,5.3,6.1,17,5.3,4.9,5.7,18,5.5,5.1,5.9,19,4.0,3.6,4.4,20,3.6,3.3,4.0,21
1201,味全,1201-味全-21,40.9,38.1,42.3,2,32.1,30.2,33.5,3,45.2,43.2,46.6,4,30.7,29.3,31.8,5,21.2,20.1,22.2,6,19.7,18.7,20.5,7,22.3,21.4,23.0,8,10.0,9.2,10.7,9,4.9,4.2,5.6,10,4.3,3.7,4.9,11,5.5,4.9,6.0,12,5.3,4.7,5.8,13,5.9,5.3,6.4,14,5.0,4.5,5.5,15,4.7,4.2,5.2,16,3.5,3.1,4.0,17,3.3,2.9,3.7,18,2.8,2.4,3.2,19,1.6,1.2,1.9,20,0.8,0.4,1.2,21
1203,味王,1203-味王-21,40.9,38.0,41.5,2,4.7,3.0,6.1,3,27.3,25.0,28.6,4,22.0,20.3,23.1,5,13.5,12.2,14.5,6,11.9,10.8,12.7,7,13.2,12.1,13.9,8,11.3,10.4,11.9,9,9.9,9.1,10.5,10,9.2,8.5,9.8,11,9.4,8.7,9.9,12,9.1,8.5,9.6,13,8.9,8.3,9.3,14,10.5,10.0,10.9,15,9.1,8.5,9.4,16,9.0,8.5,9.4,17,11.5,11.0,11.8,18,8.8,8.3,9.1,19,8.2,7.8,8.5,20,8.3,7.8,8.6,21
1210,大成,1210-大成-21,95.2,91.4,95.5,2,41.2,39.1,42.0,3,42.7,41.0,43.4,4,31.4,30.1,32.0,5,24.0,22.9,24.5,6,20.4,19.5,20.8,7,17.7,17.0,18.1,8,19.6,18.9,20.0,9,14.3,13.7,14.7,10,16.5,15.9,16.8,11,16.5,16.0,16.9,12,16.0,15.5,16.3,13,17.4,16.9,17.7,14,17.5,17.1,17.8,15,17.1,16.6,17.3,16,15.3,14.9,15.5,17,16.0,15.6,16.2,18,14.4,14.0,14.6,19,13.4,13.0,13.6,20,13.5,13.1,13.7,21
1213,大飲,1213-大飲-21,21.0,18.8,21.8,2,-1.2,-2.7,0.4,3,7.7,6.1,9.2,4,29.0,26.8,30.5,5,15.7,14.1,17.0,6,14.6,13.1,15.7,7,12.9,11.5,13.8,8,11.1,9.9,11.9,9,6.0,5.0,6.8,10,7.2,6.2,7.9,11,5.8,4.9,6.4,12,1.7,0.9,2.4,13,-1.9,-2.6,-1.1,14,-0.3,-1.1,0.5,15,0.3,-0.5,1.0,16,-0.7,-1.4,-0.0,17,-0.8,-1.5,-0.1,18,3.5,2.8,4.2,19,1.3,0.6,2.0,20,-0.3,-1.0,0.3,21
1215,卜蜂,1215-卜蜂-21,82.3,78.5,83.5,2,38.4,36.2,39.7,3,38.3,36.4,39.3,4,36.7,35.2,37.6,5,23.1,22.0,23.9,6,20.5,19.5,21.2,7,18.6,17.7,19.1,8,23.3,22.4,23.8,9,20.9,20.1,21.4,10,26.5,25.8,27.0,11,28.0,27.3,28.4,12,24.0,23.3,24.4,13,24.1,23.5,24.5,14,23.4,22.8,23.7,15,22.8,22.3,23.1,16,21.8,21.3,22.1,17,21.9,21.5,22.2,18,20.4,20.0,20.7,19,21.4,21.0,21.7,20,19.5,19.1,19.7,21
1216,統一,1216-統一-21,78.0,74.5,78.5,2,30.6,28.8,31.4,3,33.0,31.4,33.7,4,30.1,28.8,30.7,5,26.2,25.1,26.7,6,26.3,25.4,26.8,7,23.6,22.7,24.0,8,20.5,19.8,20.9,9,19.7,19.1,20.1,10,17.5,16.9,17.8,11,18.1,17.5,18.3,12,17.4,16.9,17.7,13,16.6,16.2,16.9,14,14.8,14.4,15.0,15,14.0,13.6,14.2,16,13.0,12.6,13.2,17,13.0,12.7,13.2,18,12.9,12.5,13.0,19,11.8,11.5,11.9,20,11.4,11.1,11.5,21
1217,愛之味,1217-愛之味-21,31.8,29.3,32.9,2,0.2,-1.3,2.4,3,17.7,15.6,19.9,4,15.3,13.6,17.1,5,5.9,4.6,7.6,6,5.4,4.3,6.9,7,2.8,1.9,4.1,8,1.0,0.2,2.2,9,1.9,1.1,3.1,10,0.1,-0.6,1.1,11,0.1,-0.5,1.1,12,-0.5,-1.2,0.3,13,-0.2,-0.8,0.5,14,2.1,1.4,2.8,15,2.4,1.8,3.1,16,2.3,1.7,3.0,17,3.0,2.4,3.6,18,2.7,2.1,3.3,19,1.9,1.4,2.5,20,1.7,1.2,2.2,21
1218,泰山,1218-泰山-21,29.3,27.2,30.2,2,10.3,8.7,12.2,3,22.6,20.9,24.6,4,26.9,25.2,28.6,5,16.8,15.5,18.2,6,16.6,15.4,17.8,7,11.5,10.5,12.5,8,8.6,7.7,9.5,9,7.5,6.7,8.4,10,8.7,7.9,9.5,11,8.9,8.2,9.6,12,9.2,8.5,9.8,13,9.8,9.1,10.4,14,10.8,10.2,11.4,15,10.2,9.6,10.8,16,10.7,10.1,11.3,17,7.8,7.3,8.3,18,6.6,6.1,7.0,19,5.7,5.2,6.1,20,5.4,4.9,5.8,21
1219,福壽,1219-福壽-21,45.9,42.8,46.5,2,18.3,16.2,19.3,3,29.7,27.6,30.6,4,26.1,24.4,27.0,5,23.8,22.4,24.5,6,20.5,19.4,21.1,7,16.8,15.8,17.3,8,15.0,14.1,15.5,9,13.0,12.2,13.4,10,12.5,11.7,12.9,11,12.5,11.8,12.8,12,11.6,11.0,11.9,13,10.7,10.1,11.0,14,11.0,10.5,11.3,15,10.0,9.4,10.2,16,9.0,8.5,9.2,17,8.8,8.3,9.1,18,7.2,6.7,7.4,19,6.1,5.6,6.3,20,5.2,4.8,5.4,21
1220,台榮,1220-台榮-21,26.5,24.3,27.4,2,-4.9,-6.3,-3.4,3,11.0,9.1,12.4,4,18.2,16.3,19.4,5,7.3,5.8,8.4,6,7.9,6.6,8.8,7,6.1,5.0,6.9,8,6.2,5.1,6.8,9,6.0,5.0,6.6,10,5.8,5.0,6.4,11,5.2,4.5,5.8,12,5.4,4.6,5.8,13,4.9,4.3,5.4,14,6.1,5.4,6.5,15,7.4,6.8,7.9,16,7.0,6.4,7.4,17,6.2,5.6,6.6,18,7.1,6.5,7.5,19,4.7,4.2,5.1,20,4.1,3.6,4.5,21
1225,福懋油,1225-福懋油-21,45.4,42.7,46.4,2,14.0,12.1,15.3,3,36.9,34.6,38.2,4,26.5,24.7,27.6,5,18.3,16.9,19.2,6,16.4,15.2,17.2,7,11.3,10.3,12.0,8,18.9,17.8,19.6,9,18.8,17.8,19.4,10,23.7,22.8,24.3,11,24.8,23.9,25.3,12,24.0,23.2,24.5,13,15.2,14.5,15.6,14,14.8,14.1,15.2,15,16.3,15.6,16.6,16,15.8,15.2,16.2,17,14.9,14.3,15.2,18,12.2,11.7,12.5,19,9.4,8.9,9.7,20,8.9,8.4,9.2,21
1227,佳格,1227-佳格-21,15.8,14.2,16.1,2,20.6,18.6,20.9,3,39.0,36.9,39.4,4,48.9,47.0,49.3,5,49.0,47.3,49.3,6,41.8,40.4,42.1,7,40.6,39.4,40.8,8,32.2,31.2,32.4,9,31.7,30.7,31.8,10,28.6,27.8,28.8,11,25.9,25.1,26.0,12,20.0,19.3,20.1,13,21.4,20.8,21.5,14,18.9,18.3,19.0,15,16.7,16.1,16.8,16,13.8,13.3,13.9,17,12.9,12.4,13.0,18,11.8,11.4,11.9,19,10.0,9.6,10.1,20,9.5,9.2,9.6,21
1229,聯華,1229-聯華-21,30.2,28.3,30.9,2,4.3,3.0,5.8,3,12.6,11.2,13.9,4,19.6,18.1,20.7,5,11.6,10.5,12.7,6,11.6,10.6,12.5,7,10.8,9.9,11.6,8,10.5,9.7,11.2,9,9.5,8.8,10.1,10,10.7,10.0,11.2,11,15.2,14.5,15.7,12,13.1,12.5,13.6,13,14.5,13.9,14.9,14,15.8,15.2,16.2,15,18.1,17.6,18.6,16,15.9,15.4,16.3,17,17.2,16.7,17.6,18,15.0,14.5,15.3,19,13.7,13.2,14.0,20,12.3,11.9,12.6,21
1231,聯華食,1231-聯華食-21,13.7,12.5,14.5,2,2.5,1.4,3.8,3,16.0,14.5,17.1,4,29.7,28.1,30.8,5,29.6,28.1,30.5,6,26.1,24.8,26.9,7,24.3,23.2,25.0,8,18.6,17.7,19.3,9,15.3,14.5,15.9,10,15.3,14.6,15.8,11,15.4,14.7,15.9,12,15.3,14.6,15.7,13,15.7,15.1,16.1,14,15.9,15.3,16.3,15,18.4,17.8,18.8,16,18.4,17.9,18.7,17,18.9,18.4,19.2,18,21.2,20.7,21.5,19,17.8,17.4,18.1,20,16.7,16.3,17.0,21
1232,大統益,1232-大統益-21,42.0,40.2,42.2,2,21.1,19.7,21.7,3,30.5,29.0,30.9,4,31.8,30.5,32.2,5,25.1,24.1,25.5,6,23.2,22.3,23.4,7,22.9,22.1,23.2,8,22.1,21.4,22.3,9,20.9,20.2,21.1,10,20.4,19.8,20.6,11,19.5,18.9,19.6,12,18.8,18.3,18.9,13,19.2,18.7,19.4,14,19.2,18.8,19.4,15,18.8,18.3,18.9,16,16.8,16.5,17.0,17,16.0,15.6,16.1,18,15.4,15.0,15.5,19,14.6,14.2,14.7,20,14.0,13.7,14.1,21
1233,天仁,1233-天仁-21,15.9,14.6,16.0,2,7.1,6.1,7.4,3,15.9,14.7,16.1,4,20.6,19.4,20.8,5,15.0,14.0,15.2,6,13.4,12.5,13.6,7,12.3,11.5,12.5,8,11.1,10.4,11.3,9,7.3,6.7,7.5,10,7.2,6.6,7.3,11,6.6,6.1,6.7,12,6.8,6.3,7.0,13,6.9,6.5,7.1,14,5.9,5.5,6.1,15,5.3,4.9,5.4,16,4.6,4.2,4.7,17,4.8,4.5,4.9,18,3.8,3.5,3.9,19,3.9,3.5,4.0,20,2.9,2.6,3.1,21
1234,黑松,1234-黑松-21,15.2,13.4,16.4,2,2.9,1.3,4.2,3,20.7,18.7,21.9,4,25.6,23.7,26.6,5,18.5,17.0,19.3,6,22.7,21.2,23.4,7,18.7,17.4,19.4,8,17.8,16.7,18.4,9,13.8,12.8,14.3,10,12.9,12.0,13.4,11,11.8,11.0,12.3,12,10.7,9.9,11.1,13,10.7,10.0,11.1,14,10.3,9.6,10.6,15,10.3,9.7,10.6,16,9.2,8.7,9.6,17,10.2,9.6,10.5,18,9.8,9.3,10.1,19,8.8,8.3,9.0,20,7.7,7.3,8.0,21
1235,興泰,1235-興泰-21,36.2,34.6,36.4,2,42.3,40.6,42.4,3,32.4,31.2,32.6,4,28.0,26.8,28.1,5,13.1,12.2,13.3,6,12.3,11.4,12.5,7,10.5,9.7,10.7,8,9.7,8.9,9.9,9,5.7,5.0,6.0,10,9.2,8.5,9.5,11,10.4,9.7,10.7,12,9.3,8.6,9.6,13,7.9,7.3,8.2,14,9.1,8.5,9.3,15,12.3,11.7,12.5,16,16.1,15.6,16.4,17,16.6,16.1,16.9,18,15.5,15.0,15.8,19,11.7,11.3,12.0,20,9.8,9.4,10.0,21
1236,宏亞,1236-宏亞-21,4.5,3.5,5.1,2,-3.2,-4.2,-1.7,3,8.7,7.5,9.9,4,16.1,14.7,17.1,5,13.3,12.1,14.2,6,12.1,11.1,12.9,7,13.5,12.5,14.2,8,11.1,10.2,11.7,9,8.9,8.2,9.5,10,6.7,6.0,7.2,11,5.6,5.0,6.1,12,3.2,2.6,3.7,13,3.1,2.6,3.5,14,3.2,2.7,3.7,15,8.4,7.8,8.8,16,5.6,5.1,6.1,17,5.8,5.3,6.2,18,5.2,4.8,5.7,19,5.5,5.0,5.9,20,5.6,5.2,6.0,21
1240,茂生農經,1240-茂生農經-9,,,,,,,,,,,,,,,,,,,,,,,,,,,,,,,,,,,,,,,,,,,,,-30.5,-30.8,-27.7,1,4.3,2.6,6.2,2,5.8,4.3,7.7,3,4.8,3.6,6.2,4,2.1,0.9,3.3,5,3.8,2.7,4.8,6,5.7,4.7,6.6,7,6.6,5.6,7.3,8,6.4,5.6,7.0,9
1256,鮮活果汁-KY,1256-鮮活果汁-KY-15,,,,,,,,,,,,,,,,,,,,,-24.4,-24.8,-22.5,1,66.8,62.0,68.8,2,52.0,48.8,53.3,3,26.2,24.2,27.3,4,18.4,16.8,19.3,5,18.3,16.9,19.1,6,15.0,13.8,15.7,7,21.2,19.9,21.8,8,22.4,21.2,23.0,9,20.9,19.8,21.4,10,17.3,16.3,17.8,11,14.5,13.7,15.0,12,8.2,7.5,8.6,13,8.4,7.7,8.8,14,10.0,9.4,10.4,15
1258,其祥-KY,1258-其祥-KY-13,,,,,,,,,,,,,,,,,-21.1,-21.2,-19.6,1,-11.8,-12.6,-10.9,2,-4.7,-5.4,-3.2,3,-6.2,-6.8,-4.8,4,5.7,4.5,6.9,5,4.5,3.5,5.6,6,0.3,-0.5,1.3,7,-3.6,-4.3,-2.5,8,-4.9,-5.6,-3.9,9,-4.9,-5.5,-3.3,10,-3.2,-3.9,-1.8,11,-2.1,-2.8,-0.8,12,0.1,-0.6,1.3,13,0.1,-0.6,1.3,13,0.1,-0.6,1.3,13,0.1,-0.6,1.3,13
1259,安心,1259-安心-16,,,,,,,,,,,,,,,,,5.7,5.6,6.4,1,-21.5,-22.0,-19.6,2,-16.7,-17.2,-15.1,3,-11.3,-11.6,-9.8,4,-8.3,-8.6,-6.8,5,-5.3,-5.8,-4.1,6,-1.8,-2.4,-0.7,7,-4.9,-5.4,-3.8,8,-1.9,-2.5,-1.0,9,-2.1,-2.6,-1.2,10,-1.7,-2.1,-0.9,11,-0.6,-1.1,0.1,12,0.0,-0.4,0.7,13,-1.2,-1.6,-0.5,14,-1.1,-1.4,-0.5,15,-1.2,-1.5,-0.6,16
1262,綠悅-KY,1262-綠悅-KY-6,,,,,,,,,,,,,,,,,,,,,,,,,,,,,8.5,6.0,10.2,1,-6.0,-7.3,-4.2,2,4.0,2.4,5.6,3,-14.0,-15.2,-11.6,4,-20.7,-21.5,-17.1,5,-14.7,-15.5,-11.3,6,-14.7,-15.5,-11.3,6,-14.7,-15.5,-11.3,6,-14.7,-15.5,-11.3,6,-14.7,-15.5,-11.3,6,-14.7,-15.5,-11.3,6,-14.7,-15.5,-11.3,6,-14.7,-15.5,-11.3,6
1264,德麥,1264-德麥-12,,,,,,,,,,,,,,,,,,,,,,,,,,,,,,,,,-13.6,-14.0,-11.9,1,0.9,0.2,2.0,2,10.6,9.8,11.4,3,3.7,3.1,4.4,4,6.7,6.0,7.2,5,7.9,7.3,8.5,6,11.3,10.7,11.8,7,8.3,7.8,8.8,8,9.2,8.7,9.6,9,9.2,8.8,9.6,10,7.1,6.7,7.5,11,6.4,6.1,6.8,12
1268,漢來美食,1268-漢來美食-10,,,,,,,,,,,,,,,,,,,,,,,,,,,,,,,,,,,,,,,,,-14.2,-14.3,-13.0,1,-9.9,-10.1,-8.6,2,-0.7,-1.2,0.3,3,-1.1,-1.4,0.1,4,-2.7,-3.0,-1.7,5,0.6,0.2,1.6,6,3.5,3.0,4.4,7,3.0,2.5,3.8,8,3.2,2.8,3.9,9,3.2,2.7,3.8,10
1294,,1294-None,,,,,,,,,,,,,,,,,,,,,,,,,,,,,,,,,,,,,,,,,,,,,,,,,,,,,,,,,,,,,,,,,,,,,,,,,,,,,,,,
1295,,1295-None,,,,,,,,,,,,,,,,,,,,,,,,,,,,,,,,,,,,,,,,,,,,,,,,,,,,,,,,,,,,,,,,,,,,,,,,,,,,,,,,
1304,,1304-None,,,,,,,,,,,,,,,,,,,,,,,,,,,,,,,,,,,,,,,,,,,,,,,,,,,,,,,,,,,,,,,,,,,,,,,,,,,,,,,,
2328,,2328-None,,,,,,,,,,,,,,,,,,,,,,,,,,,,,,,,,,,,,,,,,,,,,,,,,,,,,,,,,,,,,,,,,,,,,,,,,,,,,,,,
2329,,2329-None,,,,,,,,,,,,,,,,,,,,,,,,,,,,,,,,,,,,,,,,,,,,,,,,,,,,,,,,,,,,,,,,,,,,,,,,,,,,,,,,
2331,,2331-None,,,,,,,,,,,,,,,,,,,,,,,,,,,,,,,,,,,,,,,,,,,,,,,,,,,,,,,,,,,,,,,,,,,,,,,,,,,,,,,,
2332,,2332-None,,,,,,,,,,,,,,,,,,,,,,,,,,,,,,,,,,,,,,,,,,,,,,,,,,,,,,,,,,,,,,,,,,,,,,,,,,,,,,,,
2337,,2337-None,,,,,,,,,,,,,,,,,,,,,,,,,,,,,,,,,,,,,,,,,,,,,,,,,,,,,,,,,,,,,,,,,,,,,,,,,,,,,,,,
2338,,2338-None,,,,,,,,,,,,,,,,,,,,,,,,,,,,,,,,,,,,,,,,,,,,,,,,,,,,,,,,,,,,,,,,,,,,,,,,,,,,,,,,
2340,,2340-None,,,,,,,,,,,,,,,,,,,,,,,,,,,,,,,,,,,,,,,,,,,,,,,,,,,,,,,,,,,,,,,,,,,,,,,,,,,,,,,,
2342,,2342-None,,,,,,,,,,,,,,,,,,,,,,,,,,,,,,,,,,,,,,,,,,,,,,,,,,,,,,,,,,,,,,,,,,,,,,,,,,,,,,,,
2344,,2344-None,,,,,,,,,,,,,,,,,,,,,,,,,,,,,,,,,,,,,,,,,,,,,,,,,,,,,,,,,,,,,,,,,,,,,,,,,,,,,,,,
2345,,2345-None,,,,,,,,,,,,,,,,,,,,,,,,,,,,,,,,,,,,,,,,,,,,,,,,,,,,,,,,,,,,,,,,,,,,,,,,,,,,,,,,
2347,,2347-None,,,,,,,,,,,,,,,,,,,,,,,,,,,,,,,,,,,,,,,,,,,,,,,,,,,,,,,,,,,,,,,,,,,,,,,,,,,,,,,,
2348,,2348-None,,,,,,,,,,,,,,,,,,,,,,,,,,,,,,,,,,,,,,,,,,,,,,,,,,,,,,,,,,,,,,,,,,,,,,,,,,,,,,,,
2349,,2349-None,,,,,,,,,,,,,,,,,,,,,,,,,,,,,,,,,,,,,,,,,,,,,,,,,,,,,,,,,,,,,,,,,,,,,,,,,,,,,,,,
2351,,2351-None,,,,,,,,,,,,,,,,,,,,,,,,,,,,,,,,,,,,,,,,,,,,,,,,,,,,,,,,,,,,,,,,,,,,,,,,,,,,,,,,
2352,,2352-None,,,,,,,,,,,,,,,,,,,,,,,,,,,,,,,,,,,,,,,,,,,,,,,,,,,,,,,,,,,,,,,,,,,,,,,,,,,,,,,,
2353,,2353-None,,,,,,,,,,,,,,,,,,,,,,,,,,,,,,,,,,,,,,,,,,,,,,,,,,,,,,,,,,,,,,,,,,,,,,,,,,,,,,,,
2354,,2354-None,,,,,,,,,,,,,,,,,,,,,,,,,,,,,,,,,,,,,,,,,,,,,,,,,,,,,,,,,,,,,,,,,,,,,,,,,,,,,,,,
2355,,2355-None,,,,,,,,,,,,,,,,,,,,,,,,,,,,,,,,,,,,,,,,,,,,,,,,,,,,,,,,,,,,,,,,,,,,,,,,,,,,,,,,
2356,,2356-None,,,,,,,,,,,,,,,,,,,,,,,,,,,,,,,,,,,,,,,,,,,,,,,,,,,,,,,,,,,,,,,,,,,,,,,,,,,,,,,,
2357,,2357-None,,,,,,,,,,,,,,,,,,,,,,,,,,,,,,,,,,,,,,,,,,,,,,,,,,,,,,,,,,,,,,,,,,,,,,,,,,,,,,,,
2358,,2358-None,,,,,,,,,,,,,,,,,,,,,,,,,,,,,,,,,,,,,,,,,,,,,,,,,,,,,,,,,,,,,,,,,,,,,,,,,,,,,,,,
2359,,2359-None,,,,,,,,,,,,,,,,,,,,,,,,,,,,,,,,,,,,,,,,,,,,,,,,,,,,,,,,,,,,,,,,,,,,,,,,,,,,,,,,
2360,,2360-None,,,,,,,,,,,,,,,,,,,,,,,,,,,,,,,,,,,,,,,,,,,,,,,,,,,,,,,,,,,,,,,,,,,,,,,,,,,,,,,,
2362,,2362-None,,,,,,,,,,,,,,,,,,,,,,,,,,,,,,,,,,,,,,,,,,,,,,,,,,,,,,,,,,,,,,,,,,,,,,,,,,,,,,,,
2363,,2363-None,,,,,,,,,,,,,,,,,,,,,,,,,,,,,,,,,,,,,,,,,,,,,,,,,,,,,,,,,,,,,,,,,,,,,,,,,,,,,,,,
2364,,2364-None,,,,,,,,,,,,,,,,,,,,,,,,,,,,,,,,,,,,,,,,,,,,,,,,,,,,,,,,,,,,,,,,,,,,,,,,,,,,,,,,
2365,,2365-None,,,,,,,,,,,,,,,,,,,,,,,,,,,,,,,,,,,,,,,,,,,,,,,,,,,,,,,,,,,,,,,,,,,,,,,,,,,,,,,,
2367,,2367-None,,,,,,,,,,,,,,,,,,,,,,,,,,,,,,,,,,,,,,,,,,,,,,,,,,,,,,,,,,,,,,,,,,,,,,,,,,,,,,,,
2368,,2368-None,,,,,,,,,,,,,,,,,,,,,,,,,,,,,,,,,,,,,,,,,,,,,,,,,,,,,,,,,,,,,,,,,,,,,,,,,,,,,,,,
2369,,2369-None,,,,,,,,,,,,,,,,,,,,,,,,,,,,,,,,,,,,,,,,,,,,,,,,,,,,,,,,,,,,,,,,,,,,,,,,,,,,,,,,
2371,,2371-None,,,,,,,,,,,,,,,,,,,,,,,,,,,,,,,,,,,,,,,,,,,,,,,,,,,,,,,,,,,,,,,,,,,,,,,,,,,,,,,,
2373,,2373-None,,,,,,,,,,,,,,,,,,,,,,,,,,,,,,,,,,,,,,,,,,,,,,,,,,,,,,,,,,,,,,,,,,,,,,,,,,,,,,,,
2374,,2374-None,,,,,,,,,,,,,,,,,,,,,,,,,,,,,,,,,,,,,,,,,,,,,,,,,,,,,,,,,,,,,,,,,,,,,,,,,,,,,,,,
2375,,2375-None,,,,,,,,,,,,,,,,,,,,,,,,,,,,,,,,,,,,,,,,,,,,,,,,,,,,,,,,,,,,,,,,,,,,,,,,,,,,,,,,
2376,,2376-None,,,,,,,,,,,,,,,,,,,,,,,,,,,,,,,,,,,,,,,,,,,,,,,,,,,,,,,,,,,,,,,,,,,,,,,,,,,,,,,,
2377,,2377-None,,,,,,,,,,,,,,,,,,,,,,,,,,,,,,,,,,,,,,,,,,,,,,,,,,,,,,,,,,,,,,,,,,,,,,,,,,,,,,,,
2379,,2379-None,,,,,,,,,,,,,,,,,,,,,,,,,,,,,,,,,,,,,,,,,,,,,,,,,,,,,,,,,,,,,,,,,,,,,,,,,,,,,,,,
2380,,2380-None,,,,,,,,,,,,,,,,,,,,,,,,,,,,,,,,,,,,,,,,,,,,,,,,,,,,,,,,,,,,,,,,,,,,,,,,,,,,,,,,
2381,,2381-None,,,,,,,,,,,,,,,,,,,,,,,,,,,,,,,,,,,,,,,,,,,,,,,,,,,,,,,,,,,,,,,,,,,,,,,,,,,,,,,,
2382,廣達,2382-廣達-21,5.5,4.8,6.5,2,-2.5,-3.1,-1.2,3,19.0,17.7,20.4,4,12.8,11.8,14.1,5,12.0,11.1,13.2,6,11.8,11.0,12.8,7,11.0,10.3,11.9,8,11.6,10.9,12.4,9,6.4,5.8,7.1,10,7.5,6.9,8.2,11,7.4,6.8,8.0,12,5.8,5.3,6.4,13,7.2,6.7,7.7,14,8.6,8.1,9.1,15,9.3,8.9,9.8,16,7.4,7.0,7.9,17,14.0,13.5,14.5,18,14.7,14.3,15.2,19,13.5,13.1,13.9,20,14.7,14.3,15.1,21
2383,,2383-None,,,,,,,,,,,,,,,,,,,,,,,,,,,,,,,,,,,,,,,,,,,,,,,,,,,,,,,,,,,,,,,,,,,,,,,,,,,,,,,,
2384,,2384-None,,,,,,,,,,,,,,,,,,,,,,,,,,,,,,,,,,,,,,,,,,,,,,,,,,,,,,,,,,,,,,,,,,,,,,,,,,,,,,,,
2385,,2385-None,,,,,,,,,,,,,,,,,,,,,,,,,,,,,,,,,,,,,,,,,,,,,,,,,,,,,,,,,,,,,,,,,,,,,,,,,,,,,,,,
2387,,2387-None,,,,,,,,,,,,,,,,,,,,,,,,,,,,,,,,,,,,,,,,,,,,,,,,,,,,,,,,,,,,,,,,,,,,,,,,,,,,,,,,
2388,,2388-None,,,,,,,,,,,,,,,,,,,,,,,,,,,,,,,,,,,,,,,,,,,,,,,,,,,,,,,,,,,,,,,,,,,,,,,,,,,,,,,,
2390,,2390-None,,,,,,,,,,,,,,,,,,,,,,,,,,,,,,,,,,,,,,,,,,,,,,,,,,,,,,,,,,,,,,,,,,,,,,,,,,,,,,,,
2392,,2392-None,,,,,,,,,,,,,,,,,,,,,,,,,,,,,,,,,,,,,,,,,,,,,,,,,,,,,,,,,,,,,,,,,,,,,,,,,,,,,,,,
2393,,2393-None,,,,,,,,,,,,,,,,,,,,,,,,,,,,,,,,,,,,,,,,,,,,,,,,,,,,,,,,,,,,,,,,,,,,,,,,,,,,,,,,
2395,,2395-None,,,,,,,,,,,,,,,,,,,,,,,,,,,,,,,,,,,,,,,,,,,,,,,,,,,,,,,,,,,,,,,,,,,,,,,,,,,,,,,,
2396,,2396-None,,,,,,,,,,,,,,,,,,,,,,,,,,,,,,,,,,,,,,,,,,,,,,,,,,,,,,,,,,,,,,,,,,,,,,,,,,,,,,,,
2397,,2397-None,,,,,,,,,,,,,,,,,,,,,,,,,,,,,,,,,,,,,,,,,,,,,,,,,,,,,,,,,,,,,,,,,,,,,,,,,,,,,,,,
2399,,2399-None,,,,,,,,,,,,,,,,,,,,,,,,,,,,,,,,,,,,,,,,,,,,,,,,,,,,,,,,,,,,,,,,,,,,,,,,,,,,,,,,
2401,,2401-None,,,,,,,,,,,,,,,,,,,,,,,,,,,,,,,,,,,,,,,,,,,,,,,,,,,,,,,,,,,,,,,,,,,,,,,,,,,,,,,,
2402,,2402-None,,,,,,,,,,,,,,,,,,,,,,,,,,,,,,,,,,,,,,,,,,,,,,,,,,,,,,,,,,,,,,,,,,,,,,,,,,,,,,,,
2404,,2404-None,,,,,,,,,,,,,,,,,,,,,,,,,,,,,,,,,,,,,,,,,,,,,,,,,,,,,,,,,,,,,,,,,,,,,,,,,,,,,,,,
2405,,2405-None,,,,,,,,,,,,,,,,,,,,,,,,,,,,,,,,,,,,,,,,,,,,,,,,,,,,,,,,,,,,,,,,,,,,,,,,,,,,,,,,
2406,,2406-None,,,,,,,,,,,,,,,,,,,,,,,,,,,,,,,,,,,,,,,,,,,,,,,,,,,,,,,,,,,,,,,,,,,,,,,,,,,,,,,,
2408,,2408-None,,,,,,,,,,,,,,,,,,,,,,,,,,,,,,,,,,,,,,,,,,,,,,,,,,,,,,,,,,,,,,,,,,,,,,,,,,,,,,,,
2409,,2409-None,,,,,,,,,,,,,,,,,,,,,,,,,,,,,,,,,,,,,,,,,,,,,,,,,,,,,,,,,,,,,,,,,,,,,,,,,,,,,,,,
2412,中華電,2412-中華電-21,15.2,14.7,15.8,2,11.6,11.1,12.5,3,15.5,14.9,16.2,4,18.1,17.5,18.7,5,21.4,20.7,21.9,6,17.6,17.0,18.0,7,15.4,14.9,15.7,8,13.9,13.5,14.3,9,13.3,12.9,13.6,10,12.5,12.1,12.7,11,12.0,11.6,12.2,12,11.7,11.4,11.9,13,10.7,10.4,10.9,14,10.0,9.7,10.2,15,9.9,9.6,10.1,16,9.2,8.9,9.3,17,9.1,8.9,9.3,18,8.9,8.6,9.0,19,8.6,8.4,8.7,20,8.6,8.4,8.7,21
2413,,2413-None,,,,,,,,,,,,,,,,,,,,,,,,,,,,,,,,,,,,,,,,,,,,,,,,,,,,,,,,,,,,,,,,,,,,,,,,,,,,,,,,
2414,,2414-None,,,,,,,,,,,,,,,,,,,,,,,,,,,,,,,,,,,,,,,,,,,,,,,,,,,,,,,,,,,,,,,,,,,,,,,,,,,,,,,,
2415,,2415-None,,,,,,,,,,,,,,,,,,,,,,,,,,,,,,,,,,,,,,,,,,,,,,,,,,,,,,,,,,,,,,,,,,,,,,,,,,,,,,,,
2417,圓剛,2417-圓剛-21,,,,,,,,,,,,,,,,,-2.5,-3.6,-0.5,6,-6.6,-7.6,-4.6,7,-7.4,-8.2,-5.5,8,-7.5,-8.3,-5.8,9,-8.3,-9.1,-6.5,10,-5.9,-6.8,-4.3,11,-3.2,-4.2,-1.7,12,-4.9,-5.9,-3.5,13,-4.2,-5.2,-2.9,14,6.9,5.6,8.2,15,3.7,2.5,5.0,16,1.2,0.1,2.4,17,3.9,2.8,5.1,18,5.5,4.4,6.6,19,3.8,2.8,4.8,20,4.3,3.3,5.3,21
2880,華南金,2880-華南金-21,,,,,,,,,,,,,,,,,,,,,2.2,1.6,3.1,7,3.3,2.7,4.1,8,3.8,3.3,4.5,9,2.7,2.2,3.4,10,3.9,3.4,4.5,11,4.4,4.0,5.0,12,4.9,4.5,5.4,13,6.7,6.3,7.2,14,5.4,5.0,5.9,15,6.2,5.8,6.6,16,6.5,6.1,6.9,17,6.1,5.8,6.5,18,6.9,6.6,7.3,19,7.3,7.0,7.7,20,8.1,7.8,8.5,21
2882,國泰金,2882-國泰金-21,,,,,,,,,,,,,,,,,-5.6,-6.5,-3.6,6,-4.3,-5.1,-2.5,7,2.7,1.8,4.3,8,2.9,2.0,4.3,9,2.8,2.0,4.1,10,3.3,2.5,4.5,11,4.1,3.4,5.2,12,3.0,2.4,4.0,13,2.3,1.7,3.2,14,2.3,1.8,3.2,15,5.0,4.4,5.8,16,2.2,1.7,3.1,17,2.9,2.4,3.7,18,5.1,4.6,5.8,19,5.3,4.8,6.0,20,6.2,5.8,6.9,21
2883,凱基金,2883-凱基金-21,,,,,,,,,,,,,,,,,,,,,-2.4,-3.1,-0.7,7,0.4,-0.4,1.8,8,2.0,1.3,3.4,9,0.3,-0.4,1.5,10,0.6,-0.0,1.7,11,2.9,2.3,3.9,12,2.7,2.1,3.6,13,2.7,2.1,3.5,14,2.6,2.1,3.4,15,6.7,6.2,7.5,16,4.6,4.0,5.3,17,4.2,3.7,4.9,18,5.8,5.3,6.5,19,5.4,5.0,6.1,20,8.0,7.5,8.6,21
2884,玉山金,2884-玉山金-21,-6.9,-7.3,-5.8,2,-21.5,-21.9,-18.6,3,-5.5,-6.7,-2.6,4,5.0,3.5,7.6,5,-2.0,-3.1,0.3,6,2.4,1.2,4.4,7,6.0,4.8,7.7,8,6.2,5.2,7.7,9,6.2,5.3,7.6,10,6.2,5.3,7.4,11,6.6,5.8,7.8,12,7.1,6.4,8.2,13,9.8,9.0,10.7,14,9.0,8.4,10.0,15,9.5,8.9,10.4,16,8.3,7.8,9.2,17,8.4,7.9,9.2,18,8.4,7.9,9.2,19,9.1,8.6,9.8,20,8.9,8.4,9.6,21
2885,元大金,2885-元大金-21,,,,,,,,,,,,,,,,,4.8,3.9,6.2,6,3.7,2.8,4.9,7,5.8,5.0,6.9,8,4.0,3.3,5.0,9,1.7,1.1,2.6,10,1.7,1.1,2.5,11,3.0,2.4,3.7,12,3.8,3.3,4.6,13,5.8,5.3,6.5,14,6.0,5.5,6.6,15,7.2,6.7,7.8,16,6.2,5.8,6.8,17,7.5,7.0,8.0,18,8.4,8.0,8.9,19,8.7,8.2,9.2,20,11.6,11.2,12.1,21
2886,兆豐金,2886-兆豐金-21,,,,,,,,,,,,,,,,,4.4,3.3,6.3,6,6.1,5.1,7.7,7,7.1,6.2,8.5,8,6.3,5.5,7.5,9,4.6,3.8,5.6,10,5.4,4.7,6.4,11,5.7,5.0,6.5,12,6.2,5.5,7.0,13,7.3,6.6,8.0,14,6.8,6.2,7.5,15,7.7,7.2,8.4,16,6.5,6.0,7.1,17,7.8,7.3,8.4,18,7.6,7.1,8.1,19,7.2,6.8,7.8,20,7.6,7.1,8.1,21
2887,台新新光金,2887-台新新光金-21,,,,,,,,,,,,,,,,,-3.2,-5.0,0.5,6,0.2,-1.5,3.3,7,4.4,2.8,7.2,8,3.9,2.4,6.3,9,2.0,0.8,4.2,10,3.1,2.0,5.1,11,4.8,3.8,6.6,12,4.5,3.5,6.1,13,5.3,4.3,6.8,14,4.6,3.8,6.0,15,7.1,6.3,8.4,16,5.7,4.9,6.9,17,6.7,5.9,7.9,18,6.4,5.7,7.5,19,6.8,6.1,7.9,20,9.3,8.6,10.3,21
2888,新光金,2888-新光金-20,,,,,,,,,,,,,,,,,-12.1,-13.3,-9.2,6,-10.4,-11.6,-8.0,7,-5.7,-6.9,-3.6,8,-5.7,-6.7,-3.8,9,-6.6,-7.5,-4.9,10,-4.8,-5.8,-3.3,11,-1.8,-2.8,-0.3,12,-2.4,-3.3,-1.1,13,-1.0,-1.9,0.2,14,-1.7,-2.5,-0.5,15,0.1,-0.7,1.2,16,-1.0,-1.7,0.1,17,-0.9,-1.6,0.1,18,0.7,-0.0,1.6,19,0.7,-0.0,1.5,20,0.7,-0.0,1.5,20
2889,國票金,2889-國票金-21,,,,,,,,,,,,,,,,,4.7,3.5,6.1,6,4.7,3.6,6.0,7,4.6,3.6,5.7,8,2.4,1.6,3.4,9,1.9,1.1,2.8,10,2.8,2.1,3.7,11,4.4,3.7,5.1,12,4.5,3.9,5.2,13,5.7,5.1,6.4,14,6.7,6.1,7.3,15,8.1,7.5,8.7,16,5.9,5.3,6.4,17,5.9,5.4,6.4,18,7.0,6.5,7.5,19,7.1,6.6,7.5,20,6.5,6.1,7.0,21
2890,永豐金,2890-永豐金-21,,,,,,,,,,,,,,,,,-5.2,-6.2,-2.7,6,0.6,-0.6,2.7,7,4.0,2.9,5.8,8,3.0,2.1,4.6,9,0.4,-0.4,1.9,10,0.9,0.1,2.3,11,1.9,1.2,3.1,12,2.7,2.0,3.8,13,4.6,3.9,5.6,14,3.7,3.0,4.6,15,5.9,5.3,6.9,16,6.0,5.4,6.9,17,6.8,6.3,7.7,18,7.5,7.0,8.3,19,8.2,7.7,9.0,20,9.9,9.4,10.7,21
2891,中信金,2891-中信金-21,1.1,0.7,2.2,2,-12.5,-13.2,-9.5,3,0.6,-0.6,3.7,4,3.7,2.7,6.5,5,2.5,1.6,4.9,6,2.2,1.3,4.2,7,5.4,4.6,7.2,8,5.3,4.6,6.9,9,3.8,3.1,5.2,10,4.9,4.3,6.2,11,6.1,5.5,7.3,12,5.8,5.2,6.8,13,6.3,5.8,7.3,14,5.2,4.7,6.2,15,6.9,6.4,7.8,16,5.6,5.2,6.5,17,6.9,6.5,7.7,18,8.5,8.1,9.3,19,9.3,8.9,10.1,20,10.6,10.2,11.3,21
2892,第一金,2892-第一金-21,,,,,,,,,,,,,,,,,1.4,0.6,2.9,6,2.2,1.5,3.5,7,3.5,2.9,4.7,8,4.1,3.6,5.2,9,2.6,2.1,3.5,10,4.3,3.8,5.2,11,5.6,5.1,6.4,12,5.7,5.2,6.4,13,6.8,6.4,7.5,14,6.0,5.6,6.7,15,6.8,6.4,7.4,16,7.1,6.7,7.6,17,7.1,6.7,7.6,18,6.9,6.5,7.4,19,6.8,6.5,7.3,20,7.2,6.8,7.6,21
2897,王道銀行,2897-王道銀行-10,,,,,,,,,,,,,,,,,,,,,,,,,,,,,,,,,,,,,,,,,0.4,0.1,0.9,1,-3.5,-3.7,-2.7,2,-3.0,-3.2,-2.4,3,-3.7,-3.8,-2.7,4,0.6,0.2,1.3,5,1.7,1.2,2.4,6,4.5,4.0,5.1,7,4.2,3.7,4.7,8,2.7,2.3,3.2,9,4.4,4.0,4.8,10
2901,欣欣,2901-欣欣-21,,,,,,,,,,,,,,,,,12.0,10.7,12.7,6,16.3,15.1,17.0,7,13.1,12.0,13.7,8,9.3,8.4,9.8,9,6.5,5.7,7.0,10,5.1,4.4,5.6,11,5.1,4.4,5.5,12,4.2,3.6,4.6,13,3.6,3.1,4.0,14,3.6,3.1,4.0,15,3.8,3.3,4.1,16,2.8,2.3,3.1,17,3.3,2.9,3.7,18,3.3,2.8,3.6,19,2.5,2.1,2.8,20,2.3,1.9,2.6,21
2903,遠百,2903-遠百-21,,,,,,,,,,,,,26.9,25.4,29.2,5,16.7,15.5,18.6,6,12.1,11.1,13.7,7,10.7,9.8,12.1,8,9.3,8.5,10.6,9,4.0,3.3,5.2,10,2.8,2.2,3.9,11,2.3,1.8,3.3,12,2.9,2.3,3.7,13,6.6,6.1,7.5,14,5.7,5.2,6.5,15,4.8,4.3,5.5,16,4.7,4.2,5.4,17,5.4,5.0,6.1,18,4.8,4.4,5.4,19,4.4,3.9,4.9,20,4.3,3.9,4.9,21
2904,匯僑,2904-匯僑-21,,,,,,,,,,,,,,,,,49.4,47.7,50.5,6,49.0,47.5,49.9,7,44.1,42.9,44.9,8,39.5,38.4,40.1,9,35.0,34.1,35.6,10,31.2,30.3,31.7,11,26.2,25.5,26.6,12,24.2,23.6,24.7,13,24.3,23.7,24.7,14,23.8,23.3,24.2,15,22.1,21.5,22.4,16,18.9,18.4,19.2,17,17.5,17.1,17.8,18,16.2,15.7,16.4,19,14.9,14.5,15.2,20,13.2,12.8,13.4,21
2905,三商,2905-三商-21,,,,,,,,,,,,,,,,,28.2,26.7,29.6,6,22.7,21.5,23.9,7,17.4,16.4,18.5,8,14.9,14.0,15.8,9,13.8,13.0,14.6,10,13.8,13.1,14.6,11,14.2,13.5,14.9,12,10.8,10.2,11.4,13,11.5,10.9,12.1,14,11.2,10.6,11.8,15,11.2,10.7,11.8,16,8.2,7.7,8.7,17,7.0,6.5,7.5,18,7.2,6.7,7.7,19,6.9,6.5,7.4,20,6.4,6.0,6.8,21
2906,高林,2906-高林-21,,,,,,,,,,,,,,,,,9.6,8.7,10.5,6,6.6,5.7,7.4,7,6.6,5.9,7.3,8,8.9,8.1,9.5,9,6.6,6.0,7.2,10,4.9,4.4,5.5,11,5.2,4.6,5.7,12,3.6,3.1,4.1,13,5.0,4.4,5.4,14,6.8,6.3,7.2,15,6.3,5.8,6.7,16,7.0,6.5,7.4,17,6.7,6.2,7.1,18,6.1,5.7,6.5,19,4.1,3.7,4.4,20,4.4,4.0,4.8,21
2908,特力,2908-特力-21,,,,,,,,,,,,,,,,,2.6,1.8,3.7,6,4.0,3.3,5.0,7,4.0,3.4,4.9,8,3.4,2.8,4.1,9,3.4,2.9,4.1,10,3.1,2.6,3.7,11,4.2,3.8,4.8,12,4.1,3.7,4.6,13,3.7,3.3,4.1,14,5.1,4.7,5.6,15,3.6,3.2,4.0,16,3.1,2.7,3.5,17,3.6,3.2,4.0,18,3.2,2.9,3.6,19,3.0,2.7,3.4,20,3.3,3.0,3.6,21
2910,統領,2910-統領-21,,,,,,,,,,,,,,,,,0.5,-0.3,2.9,6,5.1,4.2,7.3,7,4.4,3.6,6.4,8,4.1,3.4,5.9,9,-0.1,-0.8,1.6,10,3.5,2.8,5.1,11,-0.1,-0.7,1.4,12,-0.2,-0.8,1.2,13,2.9,2.2,4.1,14,4.7,4.1,6.0,15,2.6,2.0,3.8,16,0.8,0.3,2.0,17,0.3,-0.2,1.4,18,-0.8,-1.2,0.2,19,-1.2,-1.6,-0.2,20,-0.6,-1.0,0.3,21
2911,麗嬰房,2911-麗嬰房-21,,,,,,,,,,,,,,,,,11.8,10.6,13.4,6,5.7,4.7,7.2,7,6.2,5.2,7.5,8,2.0,1.2,3.2,9,2.0,1.3,3.3,10,-2.6,-3.2,-1.4,11,-1.9,-2.5,-0.8,12,-2.7,-3.3,-1.7,13,-4.3,-4.8,-3.2,14,-3.5,-4.0,-2.3,15,-3.0,-3.5,-1.9,16,-3.5,-4.0,-2.5,17,-3.5,-4.0,-2.5,18,-2.3,-2.8,-1.4,19,-4.1,-4.6,-3.1,20,-1.9,-2.5,-0.9,21
2912,統一超,2912-統一超-21,,,,,,,,,,,,,,,,,20.9,19.8,21.3,6,16.7,15.8,17.1,7,18.5,17.7,18.9,8,18.5,17.7,18.8,9,14.5,13.8,14.8,10,14.3,13.7,14.6,11,15.1,14.5,15.3,12,15.0,14.5,15.3,13,13.7,13.2,14.0,14,11.8,11.3,12.0,15,11.2,10.8,11.5,16,10.6,10.2,10.8,17,9.9,9.6,10.1,18,9.3,8.9,9.5,19,7.8,7.4,7.9,20,7.9,7.6,8.1,21
2913,農林,2913-農林-21,,,,,,,,,,,,,,,,,13.9,12.6,15.2,6,14.5,13.3,15.6,7,18.8,17.6,19.8,8,12.5,11.5,13.4,9,9.0,8.1,9.9,10,7.8,7.0,8.5,11,8.1,7.3,8.8,12,7.5,6.8,8.1,13,7.4,6.7,8.0,14,7.4,6.7,7.9,15,7.6,7.0,8.1,16,7.3,6.7,7.8,17,6.9,6.3,7.4,18,6.0,5.4,6.4,19,3.4,2.9,3.8,20,2.3,1.8,2.7,21
2915,潤泰全,2915-潤泰全-21,,,,,,,,,,,,,,,,,26.9,25.6,27.9,6,29.1,27.9,30.0,7,26.1,25.0,26.8,8,21.5,20.6,22.2,9,18.9,18.1,19.5,10,15.6,14.9,16.2,11,13.5,12.9,14.1,12,16.6,15.9,17.1,13,15.1,14.5,15.6,14,14.0,13.5,14.4,15,17.3,16.8,17.7,16,13.6,13.2,14.0,17,12.8,12.4,13.2,18,12.9,12.4,13.2,19,10.5,10.1,10.9,20,9.7,9.4,10.0,21
2916,滿心,2916-滿心-21,,,,,,,,,,,,,,,,,1.8,0.4,3.4,6,3.0,1.7,4.4,7,1.4,0.3,2.7,8,2.2,1.2,3.3,9,2.6,1.7,3.6,10,1.8,1.0,2.8,11,2.1,1.3,2.9,12,2.9,2.1,3.6,13,3.6,2.9,4.3,14,3.1,2.5,3.8,15,4.9,4.3,5.6,16,5.6,5.0,6.2,17,10.0,9.4,10.6,18,9.8,9.2,10.3,19,9.1,8.5,9.6,20,7.9,7.4,8.4,21
2923,鼎固-KY,2923-鼎固-KY-15,,,,,,,,,,,,,,,,,,,,,-10.2,-10.7,-9.3,1,-2.3,-3.1,-1.5,2,2.6,1.4,3.5,3,-5.6,-6.8,-4.3,4,-4.0,-5.1,-2.8,5,-5.2,-6.2,-4.2,6,-3.5,-4.4,-2.5,7,1.8,0.7,2.7,8,3.4,2.4,4.3,9,2.9,2.0,3.8,10,0.5,-0.4,1.3,11,3.1,2.2,3.9,12,1.8,1.0,2.6,13,-0.1,-0.8,0.7,14,2.4,1.6,3.1,15
2924,宏太-KY,2924-宏太-KY-16,,,,,,,,,,,,,,,,,16.2,15.7,18.0,1,12.1,11.7,13.3,2,13.6,13.1,14.7,3,12.4,11.9,13.3,4,6.5,6.1,7.4,5,2.8,2.5,3.6,6,3.3,2.9,3.9,7,-3.3,-3.6,-2.5,8,-5.6,-5.9,-4.8,9,-6.3,-6.6,-5.3,10,-7.8,-8.0,-6.8,11,-2.0,-2.7,-1.1,12,-3.5,-4.2,-2.6,13,-2.6,-3.4,-1.7,14,-4.0,-4.7,-3.1,15,-4.5,-5.1,-3.6,16
2926,誠品生活,2926-誠品生活-14,,,,,,,,,,,,,,,,,,,,,,,,,12.2,10.4,13.8,1,-5.6,-6.4,-4.1,2,6.0,5.0,7.5,3,-1.5,-2.3,-0.2,4,-2.9,-3.5,-1.7,5,-2.6,-3.2,-1.6,6,-2.9,-3.4,-2.0,7,-6.4,-6.7,-5.2,8,-8.2,-8.6,-7.0,9,-6.8,-7.2,-5.5,10,-5.4,-5.8,-4.2,11,-7.3,-7.7,-6.2,12,-7.7,-8.0,-6.6,13,-7.9,-8.2,-6.8,14
2928,紅馬-KY,2928-紅馬-KY-6,,,,,,,,,,,,,,,,,,,,,,,,,,,,,,,,,,,,,32.9,30.5,34.8,1,4.2,2.3,5.6,2,-6.4,-7.9,-4.9,3,-8.2,-9.3,-6.9,4,-9.0,-10.4,-7.7,5,-5.4,-6.6,-3.8,6,-5.4,-6.6,-3.8,6,-5.4,-6.6,-3.8,6,-5.4,-6.6,-3.8,6,-5.4,-6.6,-3.8,6,-5.4,-6.6,-3.8,6
2929,淘帝-KY,2929-淘帝-KY-14,,,,,,,,,,,,,,,,,,,,,,,,,4.0,3.1,4.0,1,-21.1,-21.5,-19.0,2,-8.7,-9.7,-6.6,3,-6.9,-7.9,-5.1,4,-2.5,-3.4,-0.9,5,-4.8,-5.6,-3.4,6,0.2,-0.7,1.5,7,-17.0,-17.6,-13.9,8,-18.1,-18.6,-14.1,9,-11.8,-12.9,-8.0,10,-12.8,-13.9,-9.3,11,-9.6,-10.9,-6.3,12,-12.6,-13.6,-9.5,13,-12.7,-13.6,-9.8,14
2936,客思達-KY,2936-客思達-KY-7,,,,,,,,,,,,,,,,,,,,,,,,,,,,,,,,,,,,,40.0,37.5,40.2,1,1.0,-0.1,2.1,2,-4.8,-5.6,-3.6,3,-10.3,-10.8,-9.0,4,-6.5,-7.1,-4.5,5,-1.3,-2.2,0.4,6,4.6,3.6,6.2,7,4.6,3.6,6.2,7,4.6,3.6,6.2,7,4.6,3.6,6.2,7,4.6,3.6,6.2,7
2937,集雅社,2937-集雅社-10,,,,,,,,,,,,,,,,,,,,,,,,,,,,,,,,,,,,,,,,,-25.5,-25.8,-23.8,1,-19.9,-20.2,-18.0,2,-2.3,-3.3,-0.8,3,7.9,6.7,9.3,4,11.7,10.5,12.8,5,10.3,9.3,11.2,6,7.0,6.2,7.9,7,8.7,7.9,9.5,8,9.6,8.8,10.2,9,10.7,10.0,11.3,10
2939,永邑-KY,2939-永邑-KY-9,,,,,,,,,,,,,,,,,,,,,,,,,,,,,,,,,,,,,,,,,,,,,-46.2,-46.5,-43.2,1,-25.2,-26.1,-23.2,2,-39.1,-40.4,-35.0,3,-27.9,-29.9,-23.2,4,-21.8,-24.0,-17.5,5,-19.3,-21.1,-15.8,6,-13.8,-15.7,-10.7,7,-15.1,-16.6,-12.3,8,-14.2,-15.7,-11.7,9
2941,米斯特,2941-米斯特-3,,,,,,,,,,,,,,,,,,,,,,,,,,,,,,,,,,,,,,,,,,,,,,,,,,,,,,,,,,,,,,,,,,,,,-27.9,-28.2,-25.2,1,-25.6,-26.6,-23.3,2,-24.8,-25.3,-22.1,3
2945,三商家購,2945-三商家購-6,,,,,,,,,,,,,,,,,,,,,,,,,,,,,,,,,,,,,,,,,,,,,,,,,,,,,,,,,-13.0,-13.2,-12.0,1,-24.6,-24.8,-22.0,2,-14.0,-14.4,-11.8,3,-13.0,-13.3,-11.2,4,-10.1,-10.5,-8.6,5,-6.2,-6.7,-5.0,6
2947,振宇五金,2947-振宇五金-6,,,,,,,,,,,,,,,,,,,,,,,,,,,,,,,,,,,,,,,,,,,,,,,,,,,,,,,,,12.1,11.5,12.7,1,-6.7,-7.4,-5.7,2,-8.6,-9.2,-7.7,3,-4.2,-4.9,-3.4,4,-3.7,-4.3,-3.0,5,-5.5,-6.0,-4.8,6
2948,寶陞,2948-寶陞-4,,,,,,,,,,,,,,,,,,,,,,,,,,,,,,,,,,,,,,,,,,,,,,,,,,,,,,,,,,,,,,,,,-5.5,-5.8,-5.0,1,-15.1,-15.3,-13.8,2,-16.1,-16.5,-15.0,3,-9.5,-9.9,-8.4,4
2949,欣新網,2949-欣新網-4,,,,,,,,,,,,,,,,,,,,,,,,,,,,,,,,,,,,,,,,,,,,,,,,,,,,,,,,,,,,,,,,,-23.5,-23.6,-22.1,1,-25.3,-25.4,-23.3,2,-21.6,-22.0,-19.9,3,-10.4,-11.1,-8.4,4
3002,歐格,3002-歐格-21,16.1,14.0,16.7,2,-9.8,-11.0,-8.4,3,22.1,19.7,23.5,4,7.8,6.1,9.1,5,-3.4,-4.6,-2.1,6,-0.7,-2.0,0.4,7,0.9,-0.2,1.9,8,3.7,2.6,4.6,9,0.8,-0.2,1.7,10,1.1,0.1,1.9,11,3.0,2.0,3.7,12,0.5,-0.4,1.2,13,1.9,1.0,2.5,14,3.1,2.2,3.7,15,2.5,1.8,3.2,16,1.4,0.7,2.0,17,2.5,1.8,3.1,18,2.7,2.1,3.3,19,5.4,4.7,5.9,20,4.2,3.5,4.7,21
3003,健和興,3003-健和興-21,25.7,23.7,27.0,2,-9.8,-10.7,-7.9,3,19.7,17.5,21.5,4,18.0,16.2,19.5,5,8.6,7.2,10.0,6,8.2,6.9,9.4,7,13.7,12.3,14.7,8,13.1,11.9,14.1,9,11.1,10.0,12.0,10,10.5,9.4,11.3,11,14.4,13.4,15.2,12,10.0,9.1,10.7,13,10.4,9.6,11.1,14,9.7,8.9,10.3,15,13.3,12.5,13.9,16,10.7,10.0,11.3,17,10.2,9.6,10.8,18,10.1,9.5,10.6,19,6.9,6.3,7.4,20,8.2,7.6,8.6,21
3004,豐達科,3004-豐達科-21,24.2,22.0,25.5,2,47.0,43.9,49.6,3,46.1,43.5,48.1,4,61.5,59.0,63.3,5,54.2,52.2,55.6,6,53.7,52.0,55.0,7,43.4,41.9,44.4,8,42.1,40.8,43.0,9,37.8,36.6,38.6,10,32.4,31.4,33.1,11,29.6,28.7,30.2,12,28.7,27.9,29.2,13,29.9,29.1,30.4,14,24.1,23.4,24.5,15,22.3,21.7,22.8,16,22.1,21.5,22.6,17,22.5,21.9,22.9,18,21.2,20.6,21.5,19,20.7,20.1,21.0,20,21.5,21.0,21.8,21
3005,神基,3005-神基-21,13.2,9.7,17.6,2,-9.4,-11.4,-5.4,3,14.0,11.1,17.7,4,0.6,-1.4,3.6,5,-3.2,-4.9,-0.7,6,-0.7,-2.5,1.5,7,-0.4,-2.0,1.5,8,1.1,-0.3,2.8,9,3.4,2.1,5.0,10,9.8,8.4,11.3,11,10.7,9.4,12.1,12,9.4,8.1,10.6,13,10.1,9.0,11.3,14,10.0,8.9,11.1,15,10.5,9.5,11.5,16,8.7,7.7,9.6,17,14.0,13.1,14.9,18,13.0,12.1,13.9,19,12.8,11.9,13.6,20,11.8,11.0,12.6,21
3006,晶豪科,3006-晶豪科-21,33.4,30.2,35.5,2,-15.0,-16.4,-11.6,3,15.9,13.2,19.2,4,8.4,6.2,11.1,5,-3.9,-5.6,-1.5,6,-4.5,-6.1,-2.3,7,2.5,0.7,4.5,8,6.7,4.9,8.5,9,1.2,-0.3,2.9,10,2.2,0.8,3.8,11,4.4,3.0,5.9,12,1.6,0.3,2.9,13,3.6,2.4,4.9,14,7.0,5.8,8.3,15,12.9,11.7,14.2,16,6.4,5.3,7.5,17,8.5,7.4,9.6,18,5.4,4.4,6.4,19,8.4,7.4,9.4,20,11.1,10.1,12.0,21
3008,大立光,3008-大立光-21,-4.9,-5.7,-2.0,2,-23.3,-23.8,-19.8,3,0.7,-1.1,4.0,4,12.5,10.5,15.4,5,5.8,4.1,8.2,6,10.0,8.4,12.2,7,14.9,13.3,16.9,8,21.8,20.3,23.7,9,18.7,17.2,20.3,10,22.3,21.0,23.9,11,20.7,19.4,22.1,12,16.8,15.7,18.0,13,19.1,18.0,20.3,14,14.2,13.2,15.3,15,11.5,10.7,12.5,16,9.7,8.9,10.6,17,11.2,10.5,12.1,18,10.2,9.5,11.1,19,9.2,8.5,10.0,20,11.1,10.4,11.9,21
3010,華立,3010-華立-21,7.7,6.9,8.4,2,-24.6,-25.1,-22.2,3,0.7,-1.1,3.0,4,7.1,5.3,9.1,5,-1.4,-2.8,0.4,6,0.9,-0.3,2.4,7,3.8,2.6,5.1,8,5.6,4.4,6.7,9,3.3,2.4,4.4,10,3.7,2.8,4.7,11,5.4,4.6,6.3,12,4.4,3.6,5.2,13,5.4,4.6,6.1,14,7.3,6.6,8.1,15,9.5,8.8,10.2,16,7.6,7.0,8.3,17,8.4,7.8,9.1,18,9.3,8.7,10.0,19,8.0,7.4,8.6,20,8.4,7.8,8.9,21
3011,今皓,3011-今皓-21,-29.9,-30.6,-26.4,2,-42.6,-42.9,-37.6,3,-2.1,-6.6,3.5,4,-7.6,-10.9,-3.2,5,-9.8,-12.4,-5.8,6,-7.9,-10.3,-4.6,7,-6.5,-8.6,-3.6,8,-2.9,-5.1,-0.3,9,-6.8,-8.6,-4.0,10,-5.1,-6.8,-2.7,11,-4.7,-6.4,-2.6,12,-4.0,-5.7,-2.1,13,-4.3,-5.8,-2.5,14,-3.2,-4.6,-1.4,15,0.2,-1.3,1.8,16,2.6,1.1,4.1,17,6.3,4.8,7.8,18,3.3,1.9,4.7,19,1.1,-0.1,2.5,20,0.5,-0.7,1.7,21
3013,晟銘電,3013-晟銘電-21,-3.1,-3.7,-1.5,2,-8.0,-8.4,-6.3,3,0.6,-0.1,2.1,4,27.1,25.6,28.5,5,11.7,10.5,13.0,6,14.6,13.3,15.7,7,8.3,7.3,9.4,8,10.2,9.2,11.1,9,3.2,2.4,4.1,10,3.8,3.0,4.7,11,5.7,4.8,6.5,12,1.8,1.0,2.6,13,1.8,1.1,2.6,14,2.0,1.4,2.8,15,2.2,1.5,2.9,16,2.6,2.0,3.4,17,8.3,7.6,9.0,18,14.2,13.5,14.9,19,12.9,12.2,13.5,20,11.2,10.5,11.8,21
3014,聯陽,3014-聯陽-21,88.1,84.0,90.8,2,15.4,13.6,17.6,3,28.4,26.4,30.2,4,18.4,17.0,19.9,5,-1.9,-2.9,-0.3,6,-1.5,-2.6,-0.1,7,0.4,-0.7,1.6,8,5.2,4.2,6.4,9,2.3,1.3,3.5,10,3.0,2.2,4.2,11,4.8,4.0,5.9,12,3.6,2.9,4.6,13,6.6,5.8,7.5,14,9.5,8.7,10.4,15,12.3,11.5,13.2,16,9.5,8.8,10.3,17,13.5,12.8,14.3,18,12.9,12.2,13.6,19,10.9,10.3,11.6,20,12.1,11.5,12.8,21
3015,全漢,3015-全漢-21,14.1,12.7,15.1,2,-15.8,-16.5,-13.8,3,17.0,15.0,19.1,4,13.2,11.6,14.8,5,3.8,2.6,5.3,6,5.5,4.4,6.8,7,5.7,4.7,6.8,8,5.0,4.1,6.0,9,3.0,2.2,4.1,10,3.6,2.8,4.6,11,3.8,3.1,4.8,12,1.6,1.0,2.5,13,3.4,2.7,4.2,14,7.8,7.1,8.7,15,8.3,7.7,9.1,16,7.0,6.3,7.7,17,8.7,8.1,9.4,18,9.4,8.8,10.1,19,8.0,7.4,8.6,20,8.8,8.3,9.4,21
3016,嘉晶,3016-嘉晶-21,44.6,41.3,45.9,2,-9.8,-11.3,-7.4,3,18.6,16.0,21.2,4,10.4,8.5,12.6,5,-5.9,-7.3,-3.7,6,-5.2,-6.7,-3.1,7,-1.3,-2.8,0.6,8,0.6,-0.9,2.3,9,-1.7,-3.0,0.1,10,0.7,-0.6,2.4,11,5.0,3.6,6.6,12,7.0,5.6,8.5,13,7.9,6.6,9.3,14,9.4,8.1,10.7,15,13.0,11.8,14.2,16,7.9,6.8,9.1,17,6.8,5.7,7.8,18,4.8,3.9,5.8,19,4.9,4.0,5.9,20,9.0,8.0,9.9,21
3293,鈊象,3293-鈊象-21,40.9,39.0,42.1,2,6.6,5.6,8.5,3,28.6,27.1,30.5,4,11.1,10.1,12.7,5,14.5,13.5,15.9,6,3.8,3.0,5.2,7,-4.2,-4.9,-2.7,8,7.4,6.3,8.9,9,5.0,4.1,6.6,10,8.9,7.8,10.4,11,6.2,5.3,7.6,12,5.5,4.6,6.8,13,12.9,12.0,14.2,14,17.2,16.3,18.4,15,16.5,15.7,17.6,16,16.5,15.7,17.5,17,19.0,18.2,20.0,18,24.2,23.5,25.3,19,20.9,20.2,21.8,20,20.1,19.4,21.0,21
3294,英濟,3294-英濟-20,-20.0,-21.7,-17.2,1,-54.5,-55.1,-48.6,2,-18.0,-22.1,-11.5,3,-24.4,-27.1,-19.1,4,-17.1,-20.3,-12.9,5,-13.3,-16.3,-9.6,6,-9.4,-12.1,-6.2,7,-3.9,-6.6,-1.0,8,-4.4,-6.8,-1.9,9,-4.4,-6.4,-2.0,10,-0.3,-2.4,1.9,11,-5.2,-7.0,-3.2,12,-2.0,-3.8,-0.1,13,-0.3,-2.0,1.6,14,2.1,0.4,3.9,15,-1.6,-3.2,0.1,16,-0.7,-2.2,0.8,17,2.5,0.9,3.9,18,2.9,1.4,4.4,19,2.7,1.3,4.0,20
3296,勝德,3296-勝德-20,-31.4,-32.1,-27.7,1,-56.6,-56.9,-50.5,2,-11.1,-15.8,-3.6,3,-5.0,-9.0,0.9,4,-14.3,-17.3,-9.1,5,-13.4,-16.0,-9.1,6,-9.8,-12.2,-6.1,7,-7.0,-9.3,-3.8,8,-11.2,-13.0,-8.2,9,-9.8,-11.5,-7.2,10,-6.0,-7.9,-3.8,11,-5.8,-7.4,-3.7,12,-4.6,-6.3,-2.8,13,-3.3,-4.8,-1.6,14,-1.9,-3.4,-0.3,15,-2.8,-4.1,-1.2,16,-1.2,-2.5,0.2,17,1.0,-0.3,2.4,18,-0.2,-1.4,1.1,19,0.5,-0.7,1.7,20
3297,杭特,3297-杭特-21,21.3,19.5,23.0,2,-23.9,-24.7,-20.7,3,1.1,-0.9,4.2,4,-1.0,-2.8,1.5,5,-4.7,-6.2,-2.6,6,-3.8,-5.1,-1.9,7,9.3,7.6,11.2,8,3.3,1.9,5.1,9,-2.2,-3.4,-0.5,10,-1.8,-2.9,-0.2,11,-2.8,-3.8,-1.4,12,-2.6,-3.5,-1.3,13,-3.0,-3.8,-1.8,14,2.3,1.3,3.5,15,0.8,-0.2,2.0,16,-0.2,-1.0,1.0,17,-0.4,-1.2,0.7,18,1.2,0.3,2.2,19,4.1,3.2,5.1,20,2.4,1.5,3.3,21
3298,圓創,3298-圓創-2,-50.9,-51.3,-46.2,1,-34.1,-35.0,-29.9,2,-34.1,-35.0,-29.9,2,-34.1,-35.0,-29.9,2,-34.1,-35.0,-29.9,2,-34.1,-35.0,-29.9,2,-34.1,-35.0,-29.9,2,-34.1,-35.0,-29.9,2,-34.1,-35.0,-29.9,2,-34.1,-35.0,-29.9,2,-34.1,-35.0,-29.9,2,-34.1,-35.0,-29.9,2,-34.1,-35.0,-29.9,2,-34.1,-35.0,-29.9,2,-34.1,-35.0,-29.9,2,-34.1,-35.0,-29.9,2,-34.1,-35.0,-29.9,2,-34.1,-35.0,-29.9,2,-34.1,-35.0,-29.9,2,-34.1,-35.0,-29.9,2
3303,岱稜,3303-岱稜-20,-47.6,-47.6,-43.0,1,-60.3,-60.4,-52.3,2,-21.4,-25.1,-12.4,3,-23.6,-26.5,-16.8,4,-30.2,-32.1,-23.6,5,-14.6,-18.2,-9.2,6,-10.8,-14.1,-6.3,7,-9.9,-13.0,-5.9,8,-8.0,-10.7,-4.5,9,-5.3,-7.8,-2.2,10,-4.4,-6.7,-1.7,11,-3.4,-5.4,-0.9,12,-0.6,-2.6,1.6,13,-0.7,-2.4,1.4,14,0.4,-1.3,2.3,15,0.7,-0.9,2.4,16,1.9,0.4,3.6,17,5.2,3.7,6.7,18,4.1,2.7,5.5,19,5.5,4.2,6.9,20
3305,昇貿,3305-昇貿-20,-26.3,-27.5,-23.5,1,-41.6,-42.4,-37.2,2,9.3,5.2,14.4,3,0.1,-2.6,3.9,4,-6.2,-8.3,-3.1,5,-4.3,-6.2,-1.7,6,-2.1,-3.8,0.1,7,-1.6,-3.2,0.3,8,-4.4,-5.7,-2.4,9,-0.3,-1.6,1.5,10,-1.3,-2.5,0.3,11,-3.5,-4.6,-2.0,12,-0.7,-1.8,0.6,13,0.6,-0.4,2.0,14,8.0,6.8,9.3,15,2.9,1.8,4.1,16,6.5,5.4,7.7,17,5.5,4.5,6.6,18,7.8,6.8,8.9,19,8.6,7.7,9.7,20
3306,鼎天,3306-鼎天-21,-2.1,-3.3,0.8,2,-32.4,-33.0,-28.4,3,18.2,14.2,23.1,4,2.9,0.1,6.8,5,-8.1,-10.1,-4.7,6,-6.8,-8.8,-3.9,7,1.3,-0.9,3.9,8,1.8,-0.2,4.2,9,-2.5,-4.2,-0.2,10,-0.8,-2.4,1.3,11,-2.3,-3.8,-0.5,12,-3.7,-5.0,-2.0,13,-1.7,-3.0,-0.1,14,-1.4,-2.6,0.1,15,2.5,1.2,3.9,16,-0.4,-1.6,0.9,17,4.1,2.9,5.4,18,5.1,3.9,6.4,19,3.7,2.6,4.9,20,3.5,2.4,4.6,21
3308,聯德,3308-聯德-19,,,,,-59.1,-59.2,-53.5,1,-6.2,-9.3,-0.4,2,-12.1,-14.4,-8.0,3,-30.1,-31.4,-25.4,4,-22.5,-24.4,-18.8,5,-9.5,-12.3,-6.2,6,-11.8,-14.2,-8.7,7,-11.6,-14.0,-8.6,8,-9.6,-11.8,-7.0,9,-7.4,-9.5,-5.1,10,-9.1,-10.9,-7.0,11,-8.2,-9.8,-6.3,12,-5.7,-7.3,-3.8,13,-1.5,-3.2,0.3,14,-0.3,-1.9,1.5,15,5.7,3.9,7.4,16,2.6,1.0,4.2,17,1.5,0.0,3.0,18,1.8,0.4,3.2,19
3310,佳穎,3310-佳穎-19,,,,,-37.6,-37.8,-33.7,1,-1.4,-2.9,2.6,2,23.0,20.4,26.2,3,-17.0,-18.3,-13.5,4,1.0,-1.3,4.8,5,3.1,0.9,6.3,6,0.3,-1.6,3.1,7,-1.4,-3.0,1.1,8,3.6,1.9,5.8,9,9.3,7.6,11.3,10,11.9,10.3,13.8,11,9.2,7.8,10.9,12,7.5,6.2,9.1,13,8.9,7.7,10.4,14,9.4,8.3,10.8,15,15.3,14.1,16.6,16,13.5,12.4,14.8,17,12.0,11.0,13.1,18,9.8,8.9,10.9,19
3311,閎暉,3311-閎暉-21,4.5,3.1,6.1,2,-27.0,-27.7,-24.0,3,6.3,3.7,9.3,4,0.9,-1.1,3.4,5,-2.5,-4.0,-0.3,6,-5.2,-6.6,-3.1,7,-7.5,-8.7,-5.5,8,-10.3,-11.4,-7.8,9,-11.0,-12.0,-8.5,10,-10.2,-11.2,-8.0,11,-7.1,-8.3,-5.3,12,-9.2,-10.2,-7.3,13,-3.0,-4.3,-1.2,14,-1.1,-2.5,0.6,15,-0.5,-1.8,1.1,16,-0.9,-2.1,0.6,17,0.0,-1.2,1.4,18,-0.4,-1.5,0.9,19,-0.8,-1.9,0.4,20,0.1,-0.9,1.2,21
3312,弘憶股,3312-弘憶股-20,-17.4,-17.9,-15.3,1,-46.6,-46.9,-42.3,2,24.6,18.3,30.8,3,7.9,3.8,12.2,4,-5.5,-8.3,-1.9,5,-2.9,-5.5,-0.0,6,2.4,-0.0,5.0,7,0.8,-1.3,3.0,8,-4.1,-5.9,-2.0,9,-2.6,-4.3,-0.6,10,-2.7,-4.2,-0.9,11,1.2,-0.4,2.8,12,5.4,3.8,7.0,13,4.7,3.2,6.1,14,8.7,7.3,10.2,15,6.2,4.9,7.5,16,7.8,6.5,9.0,17,12.8,11.5,14.1,18,9.4,8.2,10.6,19,11.6,10.5,12.7,20
3313,斐成,3313-斐成-21,-36.8,-37.2,-32.3,2,-59.0,-59.2,-50.1,3,-26.1,-31.8,-18.2,4,-15.3,-20.9,-8.2,5,-22.8,-26.7,-16.6,6,-20.1,-23.8,-15.1,7,-12.9,-16.7,-8.8,8,-13.5,-16.6,-9.8,9,-14.2,-16.8,-10.6,10,-1.4,-5.0,2.3,11,3.0,-0.5,6.4,12,-2.1,-5.2,1.0,13,-3.0,-5.8,-0.1,14,-5.4,-7.7,-2.6,15,-4.9,-7.1,-2.4,16,-5.4,-7.4,-3.1,17,-4.1,-5.9,-2.1,18,-2.1,-4.0,-0.2,19,-2.3,-4.1,-0.5,20,-3.2,-4.7,-1.4,21
3317,尼克森,3317-尼克森-20,-36.6,-37.2,-32.4,1,-63.1,-63.5,-55.2,2,-17.0,-22.5,-7.2,3,-23.4,-27.0,-16.0,4,-32.1,-34.5,-25.0,5,-23.9,-26.9,-18.4,6,-15.5,-18.4,-11.0,7,-13.5,-16.3,-9.6,8,-14.9,-17.2,-10.9,9,-11.1,-13.5,-7.7,10,0.4,-2.7,3.6,11,-1.7,-4.5,1.3,12,1.9,-0.8,4.7,13,1.7,-0.7,4.4,14,4.9,2.5,7.4,15,2.0,-0.1,4.4,16,3.7,1.6,5.9,17,2.5,0.6,4.5,18,2.1,0.3,4.0,19,6.0,4.2,7.9,20
3321,同泰,3321-同泰-12,,,,,,,,,,,,,,,,,,,,,,,,,,,,,,,,,-5.9,-6.4,-5.3,1,-30.4,-30.6,-27.8,2,-13.1,-14.0,-10.5,3,-21.1,-21.9,-18.4,4,-8.6,-10.1,-6.3,5,-7.5,-9.2,-3.8,6,-7.1,-8.6,-3.9,7,-11.0,-12.2,-8.0,8,-4.3,-5.9,-1.2,9,-2.9,-4.6,-0.2,10,-2.0,-3.6,1.0,11,0.5,-1.0,3.3,12
3322,建舜電,3322-建舜電-18,,,,,,,,,,,,,,,,,,,,,,,,,,,,,,,,,,,,,,,,,,,,,,,,,,,,,,,,,5.0,3.3,6.8,13,1.6,0.0,3.2,14,2.7,1.3,4.3,15,1.0,-0.4,2.4,16,0.3,-1.0,1.7,17,-0.5,-1.7,0.8,18
3323,加百裕,3323-加百裕-20,,,,,,,,,,,,,,,,,,,,,,,,,,,,,,,,,,,,,,,,,,,,,,,,,,,,,,,,,,,,,,,,,1.1,0.1,2.3,17,2.5,1.4,3.7,18,2.6,1.6,3.7,19,1.7,0.8,2.8,20
3324,雙鴻,3324-雙鴻-21,,,,,,,,,,,,,,,,,,,,,,,,,,,,,,,,,,,,,,,,,,,,,,,,,,,,,,,,,,,,,,,,,14.7,12.7,17.3,18,17.7,15.7,20.2,19,19.0,17.1,21.4,20,17.4,15.6,19.7,21
3325,旭品,3325-旭品-21,,,,,,,,,,,,,,,,,,,,,,,,,,,,,,,,,,,,,,,,,,,,,,,,,,,,,,,,,,,,,,,,,3.7,2.2,5.2,18,-0.2,-1.5,1.2,19,-0.9,-2.1,0.5,20,-2.1,-3.2,-0.8,21
3332,幸康,3332-幸康-19,,,,,,,,,,,,,,,,,,,,,,,,,,,,,,,,,,,,,,,,,,,,,,,,,,,,,,,,,,,,,,,,,5.4,5.0,5.8,16,4.7,4.3,5.1,17,6.3,5.8,6.6,18,7.0,6.6,7.3,19
3338,泰碩,3338-泰碩-14,,,,,,,,,,,,,,,,,,,,,,,,,,,,,,,,,,,,,,,,,,,,,,,,,,,,,,,,,,,,,,,,,10.0,9.2,11.2,11,8.6,7.8,9.7,12,5.7,5.0,6.7,13,7.6,6.9,8.6,14
3339,泰谷,3339-泰谷-21,,,,,,,,,,,,,,,,,,,,,,,,,,,,,,,,,,,,,,,,,,,,,,,,,,,,,,,,,1.7,-1.0,4.9,16,-1.8,-4.1,1.2,17,0.5,-1.8,3.3,18,3.5,1.2,6.1,19,1.9,-0.2,4.4,20,3.8,1.7,6.2,21
3346,麗清,3346-麗清-11,,,,,,,,,,,,,,,,,,,,,,,,,,,,,,,,,,,,,,,,,,,,,,,,,,,,,,,,,,,,,-3.3,-4.5,-1.1,7,2.6,1.3,4.5,8,-2.1,-3.1,-0.3,9,-7.5,-8.4,-5.7,10,-3.5,-4.6,-1.8,11
3349,寶德,3349-寶德-5,,,,,,,,,,,,,,,,,,,,,,,,,,,,,,,,,,,,,,,,,,,,,,,,,,,,,,,,,,,,,-35.9,-35.9,-33.1,1,-7.5,-8.8,-5.6,2,-4.7,-6.5,-3.4,3,11.8,9.6,13.2,4,3.5,1.8,4.9,5
3354,律勝,3354-律勝-21,,,,,,,,,,,,,,,,,,,,,,,,,,,,,,,,,,,,,,,,,,,,,,,,,,,,,,,,,,,,,,,,,-0.4,-1.9,1.2,18,1.6,0.1,3.1,19,2.8,1.4,4.3,20,2.3,0.9,3.6,21
3356,奇偶,3356-奇偶-21,,,,,,,,,,,,,,,,,,,,,,,,,,,,,,,,,,,,,,,,,,,,,,,,,,,,,,,,,,,,,,,,,1.1,0.5,2.0,18,2.4,1.8,3.3,19,1.4,0.8,2.3,20,2.5,1.9,3.3,21
3357,臺慶科,3357-臺慶科-6,,,,,,,,,,,,,,,,,,,,,,,,,,,,,,,,,,,,,,,,,,,,,,,,,,,,,,,,,,,,,-28.8,-29.0,-25.7,2,-7.6,-8.8,-5.2,3,-2.8,-4.1,-0.9,4,1.3,0.0,3.3,5,12.5,10.9,14.4,6
3360,尚立,3360-尚立-21,,,,,,,,,,,,,,,,,,,,,,,,,,,,,,,,,,,,,,,,,,,,,,,,,,,,,,,,,,,,,,,,,2.4,1.2,3.6,18,2.8,1.6,3.8,19,2.4,1.3,3.5,20,4.1,3.0,5.1,21
3362,先進光,3362-先進光-21,,,,,,,,,,,,,,,,,,,,,,,,,,,,,,,,,,,,,,,,,,,,,,,,,,,,,,,,,,,,,,,,,11.9,10.5,13.1,18,12.3,10.9,13.4,19,7.0,5.8,8.1,20,10.0,8.8,11.0,21
3363,上詮,3363-上詮-16,,,,,,,,,,,,,,,,,,,,,,,,,,,,,,,,,,,,,,,,,,,,,,,,,,,,,,,,,,,,,-3.4,-4.4,-1.8,12,5.8,4.4,7.3,13,15.3,13.8,16.8,14,18.7,17.3,20.2,15,19.4,18.0,20.7,16
3369,鐵研,3369-鐵研-2,,,,,,,,,,,,,,,,,,,,,,,,,,,,,,,,,,,,,,,,,,,,,,,,,,,,,,,,,,,,,,,,,-86.6,-86.6,-73.4,2,-86.6,-86.6,-73.4,2,-86.6,-86.6,-73.4,2,-86.6,-86.6,-73.4,2
3372,典範,3372-典範-21,,,,,,,,,,,,,,,,,,,,,,,,,,,,,,,,,,,,,,,,,,,,,,,,,,,,,,,,,,,,,,,,,2.1,0.8,3.7,18,2.2,0.9,3.6,19,3.9,2.6,5.3,20,3.2,2.0,4.5,21
3373,熱映,3373-熱映-20,,,,,,,,,,,,,,,,,,,,,,,,,,,,,,,,,,,,,,,,,,,,,,,,,,,,,,,,,,,,,5.7,5.0,6.6,16,5.0,4.4,5.9,17,4.0,3.4,4.8,18,2.3,1.7,3.1,19,2.3,1.7,3.0,20
3374,精材,3374-精材-12,,,,,,,,,,,,,,,,,,,,,,,,,,,,,,,,,,,,,,,,,,,,,,,,,,,,,,,,,,,,,8.3,6.6,10.5,8,10.8,9.2,12.7,9,14.5,12.9,16.2,10,9.4,8.0,11.0,11,17.3,15.9,18.8,12
3376,新日興,3376-新日興-20,,,,,,,,,,,,,,,,,,,,,,,,,,,,,,,,,,,,,,,,,,,,,,,,,,,,,,,,,,,,,,,,,,,,,6.0,5.0,7.1,18,5.4,4.5,6.4,19,4.8,4.0,5.9,20
3379,彬台,3379-彬台-16,,,,,,,,,,,,,,,,,,,,,,,,,,,,,,,,,,,,,,,,,,,,,,,,,,,,,,,,,-3.7,-5.3,-2.4,11,-3.7,-5.1,-2.5,12,-1.1,-2.5,-0.0,13,5.3,3.8,6.4,14,6.8,5.3,7.8,15,4.0,2.7,5.0,16
3380,明泰,3380-明泰-21,,,,,,,,,,,,,,,,,,,,,,,,,,,,,,,,,,,,,,,,,,,,,,,,,,,,,,,,,,,,,,,,,5.4,4.8,6.5,18,4.8,4.2,5.8,19,3.9,3.3,4.9,20,4.1,3.6,5.0,21
3383,新世紀,3383-新世紀-16,,,,,,,,,,,,,,,,,,,,,,,,,,,,,,,,,,,,,,,,,,,,,,,,,,,,,,,,,,,,,,,,,-11.3,-13.6,-7.8,16,-11.3,-13.6,-7.8,16,-11.3,-13.6,-7.8,16,-11.3,-13.6,-7.8,16
3388,崇越電,3388-崇越電-21,,,,,,,,,,,,,,,,,,,,,,,,,,,,,,,,,,,,,,,,,,,,,,,,,,,,,,,,,,,,,,,,,3.1,2.5,3.9,18,3.0,2.4,3.8,19,2.2,1.6,2.9,20,3.6,3.0,4.3,21
3390,旭軟,3390-旭軟-21,,,,,,,,,,,,,,,,,,,,,,,,,,,,,,,,,,,,,,,,,,,,,,,,,,,,,,,,,,,,,2.1,1.1,3.2,17,5.0,4.0,6.1,18,4.4,3.5,5.5,19,3.6,2.7,4.6,20,3.8,2.9,4.7,21
3402,漢科,3402-漢科-20,,,,,,,,,,,,,,,,,,,,,,,,,,,,,,,,,,,,,,,,,,,,,,,,,,,,,,,,,,,,,,,,,11.2,9.9,12.4,17,13.4,12.1,14.6,18,13.8,12.6,14.9,19,13.5,12.4,14.6,20
3406,玉晶光,3406-玉晶光-21,,,,,,,,,,,,,,,,,,,,,,,,,,,,,,,,,,,,,,,,,,,,,,,,,,,,,,,,,,,,,,,,,,,,,6.7,4.1,9.4,19,5.6,3.2,8.2,20,6.9,4.6,9.4,21
3413,京鼎,3413-京鼎-12,,,,,,,,,,,,,,,,,,,,,,,,,,,,,,,,,,,,,,,,,,,,,,,,,,,,,,,,,,,,,15.9,15.0,16.9,8,16.7,15.8,17.6,9,19.3,18.5,20.1,10,16.1,15.4,16.9,11,16.7,16.0,17.4,12
3416,融程電,3416-融程電-20,,,,,,,,,,,,,,,,,,,,,,,,,,,,,,,,,,,,,,,,,,,,,,,,,,,,,,,,,7.1,6.6,7.8,15,7.3,6.8,7.9,16,9.4,8.9,10.0,17,10.6,10.1,11.2,18,9.5,9.0,10.0,19,10.5,10.1,11.1,20
3419,譁裕,3419-譁裕-20,,,,,,,,,,,,,,,,,,,,,,,,,,,,,,,,,,,,,,,,,,,,,,,,,,,,,,,,,,,,,,,,,-1.3,-2.6,0.5,17,-1.2,-2.4,0.5,18,-2.8,-3.9,-1.2,19,-2.3,-3.4,-0.8,20
3426,台興,3426-台興-11,,,,,,,,,,,,,,,,,,,,,,,,,,,,,,,,,,,,,,,,,,,,,,,,,,,,,,,,,,,,,0.5,-0.1,1.4,7,1.8,1.3,2.6,8,4.0,3.5,4.8,9,1.9,1.4,2.6,10,3.1,2.6,3.7,11
3430,奇鈦科,3430-奇鈦科-5,,,,,,,,,,,,,,,,,,,,,,,,,,,,,,,,,,,,,,,,,,,,,,,,,,,,,,,,,,,,,-25.8,-26.6,-23.9,1,-5.3,-6.7,-4.2,2,5.0,3.0,5.8,3,4.2,2.5,5.3,4,19.8,17.6,20.8,5
3431,長天,3431-長天-14,,,,,,,,,,,,,,,,,,,,,,,,,,,,,,,,,,,,,,,,,,,,,,,,,,,,,,,,,,,,,-12.8,-14.5,-10.5,14,-12.8,-14.5,-10.5,14,-12.8,-14.5,-10.5,14,-12.8,-14.5,-10.5,14,-12.8,-14.5,-10.5,14
3432,台端,3432-台端-17,,,,,,,,,,,,,3.2,2.9,3.6,1,-42.7,-43.3,-38.9,2,-27.8,-29.5,-24.5,3,-12.9,-15.2,-10.0,4,0.9,-1.8,3.6,5,-10.1,-12.0,-7.2,6,-8.8,-10.4,-6.2,7,-8.3,-9.8,-6.0,8,-3.0,-4.7,-0.9,9,-3.3,-4.9,-1.5,10,-2.7,-4.1,-0.8,11,-1.2,-2.5,0.5,12,0.6,-0.8,2.2,13,-3.2,-4.4,-1.6,14,0.1,-1.3,1.5,15,-1.2,-2.5,0.1,16,0.4,-0.8,1.7,17
3434,哲固,3434-哲固-19,,,,,-58.1,-58.8,-54.2,1,12.8,7.3,18.2,2,-7.3,-10.3,-3.6,3,-7.7,-10.0,-4.7,4,-7.5,-9.3,-5.1,5,-4.3,-5.9,-2.2,6,-1.2,-2.8,0.6,7,0.1,-1.4,2.0,8,-0.6,-2.0,1.1,9,-0.1,-1.5,1.4,10,0.8,-0.6,2.1,11,0.9,-0.4,2.1,12,1.0,-0.2,2.2,13,3.1,1.9,4.2,14,5.1,3.9,6.1,15,6.4,5.3,7.4,16,6.3,5.3,7.3,17,6.2,5.1,7.1,18,5.9,4.9,6.7,19
3437,榮創,3437-榮創-13,,,,,,,,,,,,,,,,,,,,,,,,,,,,,-38.7,-39.1,-35.3,1,-44.8,-45.4,-38.8,2,-31.7,-32.9,-27.0,3,-12.5,-15.3,-8.6,4,-22.5,-24.4,-18.5,5,-16.7,-18.5,-13.2,6,-6.8,-9.0,-2.8,7,-7.7,-9.7,-4.0,8,-10.5,-12.2,-7.2,9,-3.8,-5.8,-0.8,10,-5.3,-7.1,-2.6,11,-8.4,-10.0,-5.9,12,-4.6,-6.4,-2.4,13
3438,類比科,3438-類比科-21,-9.9,-10.9,-7.5,2,-33.0,-33.7,-28.8,3,-8.6,-10.8,-4.5,4,-10.9,-12.7,-7.6,5,-18.5,-19.8,-15.1,6,-14.9,-16.7,-12.1,7,-12.4,-13.9,-9.8,8,-10.7,-12.0,-8.4,9,-12.9,-14.1,-10.5,10,-10.9,-12.2,-8.7,11,-7.2,-8.7,-5.3,12,-6.4,-7.8,-4.3,13,-1.7,-3.2,0.3,14,0.1,-1.4,2.2,15,3.7,2.1,5.7,16,0.6,-0.8,2.5,17,3.1,1.7,4.8,18,1.4,0.1,3.0,19,0.7,-0.5,2.3,20,1.7,0.6,3.2,21
3441,聯一光,3441-聯一光-17,,,,,,,,,,,,,-15.7,-16.0,-14.0,1,0.1,-1.7,1.5,2,-0.4,-2.4,0.5,3,-9.5,-10.9,-7.7,4,-9.2,-10.6,-7.5,5,-14.7,-15.9,-12.4,6,-8.0,-9.5,-5.9,7,5.6,3.5,7.6,8,-1.6,-3.4,0.4,9,2.9,1.1,4.7,10,1.9,0.3,3.6,11,4.8,3.1,6.3,12,4.4,2.9,5.9,13,4.0,2.6,5.4,14,4.0,2.7,5.3,15,3.4,2.2,4.6,16,6.8,5.6,8.0,17
3443,創意,3443-創意-21,108.9,104.1,109.3,2,33.5,31.3,34.6,3,37.5,35.6,38.4,4,20.4,19.0,21.2,5,12.8,11.7,13.5,6,11.1,10.1,11.8,7,5.7,4.9,6.4,8,7.9,7.1,8.5,9,3.8,3.1,4.4,10,5.3,4.6,5.9,11,15.7,14.9,16.3,12,12.5,11.7,13.0,13,12.7,12.0,13.3,14,14.4,13.7,14.9,15,17.2,16.6,17.8,16,16.6,16.0,17.1,17,22.1,21.5,22.6,18,19.2,18.6,19.7,19,20.7,20.1,21.2,20,23.7,23.2,24.2,21
3444,利機,3444-利機-19,,,,,-22.9,-23.3,-19.4,1,25.6,23.5,29.0,2,20.3,18.5,22.4,3,8.6,7.4,10.4,4,1.8,0.7,3.3,5,7.5,6.4,8.8,6,9.1,8.0,10.3,7,3.2,2.3,4.4,8,5.6,4.7,6.7,9,10.1,9.1,11.1,10,5.2,4.3,6.1,11,8.8,7.9,9.7,12,9.7,8.9,10.5,13,13.3,12.4,14.1,14,12.6,11.8,13.3,15,15.5,14.7,16.2,16,12.6,11.8,13.2,17,11.4,10.7,12.0,18,11.4,10.7,12.0,19
3447,展達,3447-展達-5,,,,,,,,,,,,,,,,,,,,,,,,,,,,,,,,,,,,,,,,,,,,,,,,,,,,,,,,,,,,,-15.0,-15.0,-13.8,1,-7.9,-9.0,-7.0,2,13.0,10.6,14.2,3,4.6,2.8,5.8,4,-3.7,-5.0,-2.5,5
3450,聯鈞,3450-聯鈞-21,-15.7,-17.4,-12.5,2,-32.5,-33.5,-28.6,3,11.9,7.6,16.3,4,21.2,17.2,24.9,5,6.3,3.4,9.3,6,9.4,6.8,12.2,7,14.8,12.3,17.3,8,17.1,14.7,19.3,9,19.6,17.4,21.6,10,19.8,17.7,21.6,11,20.0,18.1,21.7,12,13.1,11.5,14.7,13,12.5,11.0,13.9,14,11.8,10.4,13.1,15,9.6,8.3,10.8,16,6.3,5.2,7.5,17,9.1,7.9,10.2,18,17.5,16.3,18.6,19,16.1,15.0,17.1,20,18.7,17.6,19.7,21
3452,益通,3452-益通-15,-12.9,-13.4,413.1,2,-30.0,-30.6,125.1,3,-17.9,-18.6,93.1,4,-22.4,-22.9,50.9,5,-33.8,-34.4,12.9,6,-25.6,-27.7,11.1,7,-17.0,-19.6,14.1,8,-14.5,-17.1,11.5,9,-15.0,-17.1,6.7,10,-15.0,-16.7,3.1,11,-13.3,-14.9,2.1,12,-16.0,-17.2,-3.0,13,-19.3,-20.3,-8.5,14,-15.8,-16.5,-7.7,15,-15.8,-16.5,-7.7,15,-15.8,-16.5,-7.7,15,-15.8,-16.5,-7.7,15,-15.8,-16.5,-7.7,15,-15.8,-16.5,-7.7,15,-15.8,-16.5,-7.7,15
3454,晶睿,3454-晶睿-20,-49.0,-49.6,-45.0,1,-62.2,-62.5,-55.7,2,-22.6,-27.0,-15.9,3,-6.9,-11.4,-0.7,4,-2.6,-6.5,2.5,5,3.2,-0.4,7.6,6,14.8,11.1,18.9,7,5.7,2.7,9.1,8,2.4,-0.1,5.4,9,3.8,1.5,6.5,10,5.4,3.2,7.8,11,5.1,3.2,7.3,12,4.7,2.9,6.8,13,4.4,2.8,6.3,14,2.9,1.4,4.6,15,9.1,7.5,10.8,16,7.3,5.9,8.9,17,4.9,3.5,6.4,18,3.7,2.5,5.1,19,3.5,2.3,4.8,20
3455,由田,3455-由田-20,31.6,31.5,32.1,1,-36.1,-36.5,-32.7,2,4.5,1.5,8.0,3,30.7,27.1,34.1,4,2.7,0.4,5.5,5,-3.3,-5.1,-0.6,6,2.3,0.3,4.6,7,3.0,1.2,5.1,8,3.1,1.4,5.0,9,8.3,6.5,10.1,10,8.7,7.1,10.3,11,11.0,9.5,12.5,12,9.3,7.9,10.7,13,7.9,6.6,9.2,14,11.0,9.8,12.3,15,9.9,8.7,11.0,16,9.2,8.2,10.3,17,11.5,10.5,12.6,18,10.6,9.6,11.6,19,14.4,13.4,15.3,20
3465,進泰電子,3465-進泰電子-19,,,,,-59.1,-59.5,-55.2,1,-14.9,-18.0,-10.1,2,-11.2,-14.1,-7.5,3,-21.6,-23.5,-18.1,4,-15.2,-17.1,-12.0,5,-8.1,-10.2,-5.3,6,-10.9,-12.8,-8.3,7,0.2,-2.4,2.6,8,-2.0,-4.2,0.3,9,3.2,1.0,5.4,10,6.9,4.7,8.9,11,9.8,7.7,11.8,12,23.3,21.1,25.3,13,23.8,21.7,25.7,14,13.9,12.1,15.6,15,12.9,11.2,14.4,16,9.6,8.0,10.9,17,8.5,7.1,9.8,18,5.9,4.5,7.1,19
3466,德晉,3466-德晉-21,-11.6,-12.5,-8.0,2,-39.4,-39.9,-32.3,3,-4.1,-8.0,3.7,4,-11.7,-14.5,-5.6,5,-14.1,-16.2,-9.0,6,-11.9,-13.8,-7.7,7,-4.3,-6.4,-0.5,8,-1.8,-3.8,1.5,9,-5.2,-6.9,-2.2,10,-6.4,-7.9,-3.8,11,-6.4,-7.7,-4.0,12,-8.1,-9.3,-6.0,13,-2.6,-4.1,-0.6,14,-5.0,-6.3,-3.1,15,-2.2,-3.6,-0.4,16,1.0,-0.5,2.7,17,-0.6,-1.9,1.1,18,4.0,2.6,5.6,19,1.9,0.6,3.4,20,0.8,-0.4,2.2,21
3467,台灣精材,3467-台灣精材-2,,,,,,,,,,,,,,,,,,,,,,,,,,,,,,,,,,,,,,,,,,,,,,,,,,,,,,,,,,,,,,,,,,,,,,,,,-27.7,-28.0,-24.3,1,-4.6,-6.2,-1.6,2
3479,安勤,3479-安勤-17,,,,,,,,,,,,,1.4,0.6,2.3,1,-22.8,-23.6,-20.3,2,5.3,3.4,7.5,3,6.7,5.2,8.4,4,6.6,5.3,8.0,5,12.6,11.2,14.0,6,10.8,9.6,12.0,7,5.8,4.8,6.9,8,3.7,2.7,4.7,9,10.9,9.9,11.9,10,7.0,6.1,7.9,11,6.9,6.0,7.7,12,9.5,8.6,10.2,13,12.0,11.1,12.7,14,9.2,8.5,9.9,15,8.6,7.9,9.2,16,11.2,10.5,11.8,17
3481,群創,3481-群創-21,44.1,41.5,44.6,2,-20.6,-21.5,-16.8,3,1.3,-0.6,4.8,4,-2.3,-3.8,0.7,5,-19.6,-20.5,-16.1,6,-12.7,-14.1,-9.3,7,-14.0,-15.4,-10.8,8,-8.6,-10.1,-5.8,9,-10.9,-12.3,-8.2,10,-7.9,-9.2,-5.6,11,-6.4,-7.7,-4.3,12,-6.9,-8.1,-5.0,13,-7.1,-8.2,-5.2,14,-2.9,-4.2,-0.8,15,-0.5,-1.8,1.4,16,-3.3,-4.6,-1.5,17,-1.6,-2.9,0.0,18,-1.5,-2.6,0.0,19,-0.5,-1.6,0.9,20,6.2,5.0,7.6,21
3483,力致,3483-力致-21,26.2,25.2,27.1,2,-24.1,-24.7,-20.2,3,12.7,10.1,16.9,4,-8.5,-10.2,-5.0,5,-15.9,-17.4,-12.6,6,-7.5,-9.6,-4.6,7,-10.0,-11.7,-7.2,8,-8.8,-10.4,-6.3,9,-10.7,-12.0,-7.9,10,-4.1,-5.8,-1.5,11,-2.8,-4.4,-0.4,12,-1.5,-3.0,0.7,13,5.8,4.1,8.0,14,5.7,4.1,7.8,15,7.7,6.2,9.7,16,4.0,2.6,5.8,17,10.6,9.1,12.4,18,9.4,8.1,11.1,19,6.4,5.2,8.0,20,5.7,4.5,7.2,21
3484,崧騰,3484-崧騰-20,-5.4,-6.2,-4.2,1,-23.4,-24.3,-20.9,2,19.3,16.7,22.1,3,6.7,4.9,8.8,4,-6.4,-7.6,-4.3,5,-5.3,-6.7,-3.5,6,4.3,2.7,6.0,7,10.1,8.5,11.7,8,6.1,4.7,7.6,9,7.8,6.5,9.2,10,7.9,6.7,9.1,11,3.1,2.0,4.3,12,4.7,3.7,5.8,13,9.7,8.6,10.8,14,12.1,11.0,13.1,15,6.5,5.6,7.5,16,6.9,6.0,7.8,17,7.6,6.7,8.4,18,6.1,5.3,6.9,19,6.5,5.8,7.3,20
3485,敘豐,3485-敘豐-1,,,,,,,,,,,,,,,,,,,,,,,,,,,,,,,,,,,,,,,,,,,,,,,,,,,,,,,,,,,,,,,,,,,,,,,,,,,,,-4.9,-6.1,-3.0,1
3489,森寶,3489-森寶-20,2.9,2.1,4.4,1,-53.3,-53.6,-48.3,2,-5.8,-10.4,0.1,3,-16.9,-19.9,-12.1,4,-23.7,-25.8,-19.2,5,-8.2,-11.6,-3.8,6,-0.2,-3.6,3.8,7,-3.3,-6.1,0.1,8,-9.0,-11.3,-5.9,9,-7.3,-9.3,-4.5,10,-6.5,-8.4,-4.1,11,-7.1,-8.8,-4.9,12,-5.1,-6.8,-3.2,13,-3.2,-4.8,-1.4,14,-2.0,-3.6,-0.3,15,-2.7,-4.2,-1.2,16,0.2,-1.3,1.6,17,3.4,1.9,4.8,18,2.2,0.8,3.5,19,3.0,1.7,4.2,20
3490,單井,3490-單井-20,8.2,7.4,9.4,1,-12.0,-13.0,-9.1,2,3.8,2.4,6.4,3,9.7,8.3,11.9,4,-7.9,-8.9,-5.5,5,-7.2,-8.2,-5.2,6,0.5,-0.9,2.3,7,21.5,19.5,23.3,8,11.6,10.0,13.2,9,5.4,4.0,6.9,10,1.8,0.6,3.2,11,-3.0,-4.0,-1.7,12,0.3,-0.9,1.5,13,3.3,2.2,4.6,14,3.5,2.4,4.8,15,1.0,0.0,2.2,16,1.0,0.0,2.0,17,2.4,1.4,3.4,18,1.4,0.5,2.4,19,2.5,1.6,3.5,20
3491,昇達科,3491-昇達科-19,,,,,21.3,18.7,23.0,1,29.8,28.1,31.1,2,4.2,3.3,5.8,3,-13.0,-13.8,-10.9,4,4.6,3.1,6.5,5,5.0,3.7,6.6,6,6.5,5.2,7.9,7,6.6,5.3,7.8,8,6.1,5.0,7.3,9,7.5,6.4,8.5,10,7.3,6.3,8.2,11,9.1,8.1,9.9,12,6.4,5.5,7.2,13,14.5,13.6,15.4,14,10.0,9.2,10.8,15,10.6,9.9,11.4,16,14.5,13.8,15.3,17,18.2,17.4,18.9,18,20.9,20.2,21.6,19
3492,長盛,3492-長盛-12,,,,,,,,,,,,,,,,,,,,,,,,,,,,,,,,,47.2,43.0,49.9,1,27.1,24.3,28.8,2,16.3,14.2,17.4,3,-1.1,-2.4,0.3,4,1.0,-0.3,2.2,5,-0.4,-1.4,0.9,6,2.2,1.1,3.3,7,1.5,0.5,2.5,8,2.3,1.3,3.2,9,4.6,3.6,5.4,10,4.7,3.7,5.5,11,3.2,2.4,4.0,12
3494,誠研,3494-誠研-20,20.5,20.3,20.6,1,-25.2,-25.5,-22.7,2,26.7,23.9,29.3,3,28.3,25.8,30.2,4,2.9,1.3,4.7,5,-0.7,-2.2,0.9,6,11.3,9.5,12.9,7,1.3,-0.1,2.9,8,-1.5,-2.7,0.1,9,-1.4,-2.7,-0.0,10,-2.7,-3.8,-1.4,11,-4.9,-5.9,-3.4,12,-7.3,-8.2,-5.8,13,-6.2,-7.1,-4.5,14,-5.9,-6.7,-4.2,15,-0.8,-1.9,0.8,16,-3.6,-4.6,-2.0,17,2.4,1.2,4.0,18,-1.6,-2.7,-0.0,19,-1.9,-3.0,-0.5,20
3498,陽程,3498-陽程-20,-12.3,-12.7,-10.5,1,-53.2,-53.4,-47.8,2,-8.5,-12.8,-1.9,3,-17.6,-20.2,-12.2,4,-23.3,-25.7,-18.2,5,-6.8,-10.2,-2.1,6,18.1,13.6,22.9,7,6.9,3.3,10.9,8,4.8,1.7,8.4,9,3.2,0.5,6.4,10,2.4,-0.1,5.2,11,-0.6,-2.8,2.0,12,-2.9,-4.8,-0.5,13,0.9,-1.1,3.3,14,-1.0,-2.8,1.2,15,-0.1,-1.7,2.0,16,-1.1,-2.6,0.9,17,2.7,1.1,4.5,18,1.8,0.3,3.6,19,6.4,4.9,8.2,20
3499,環天科,3499-環天科-21,-9.6,-9.6,-6.2,2,-49.7,-49.7,-42.6,3,-3.9,-9.9,4.4,4,-7.3,-11.7,-0.6,5,-17.4,-20.6,-11.7,6,-15.1,-18.0,-10.3,7,-9.1,-11.8,-4.8,8,-9.4,-11.7,-5.6,9,-2.2,-4.9,1.2,10,-3.9,-6.3,-0.8,11,-3.4,-5.6,-0.6,12,-5.2,-7.1,-2.5,13,-2.9,-4.8,-0.6,14,-3.5,-5.2,-1.3,15,1.0,-0.8,3.2,16,-1.0,-2.6,1.1,17,-0.2,-1.8,1.7,18,-0.2,-1.7,1.6,19,-0.5,-1.9,1.2,20,-1.8,-3.0,-0.2,21
3501,維熹,3501-維熹-20,-35.4,-35.7,-32.4,1,-39.1,-39.8,-34.7,2,4.5,1.1,9.4,3,-0.8,-3.2,2.8,4,-7.5,-9.2,-4.3,5,-1.6,-3.4,1.0,6,2.2,0.5,4.4,7,2.5,0.9,4.4,8,3.8,2.3,5.6,9,3.4,2.1,5.1,10,4.8,3.6,6.3,11,3.8,2.6,5.1,12,3.7,2.7,5.0,13,3.9,3.0,5.1,14,3.5,2.6,4.6,15,3.6,2.8,4.7,16,4.0,3.3,5.0,17,5.0,4.2,5.9,18,3.3,2.6,4.2,19,2.4,1.7,3.2,20
3504,揚明光,3504-揚明光-20,-46.7,-47.1,-42.5,1,-21.5,-23.3,-17.8,2,65.8,59.9,70.9,3,32.2,28.7,35.6,4,2.0,-0.2,4.7,5,6.5,4.2,8.7,6,1.2,-0.6,3.2,7,0.4,-1.2,2.2,8,-4.3,-5.7,-2.4,9,-6.6,-7.8,-4.8,10,0.2,-1.4,1.9,11,3.3,1.5,4.8,12,4.0,2.4,5.4,13,1.3,-0.2,2.7,14,5.7,4.2,7.1,15,2.4,1.0,3.7,16,1.5,0.2,2.7,17,0.9,-0.3,2.1,18,-0.2,-1.4,0.9,19,1.7,0.6,2.8,20
3508,位速,3508-位速-20,50.2,48.9,51.8,1,-25.5,-26.1,-21.6,2,8.3,6.3,12.1,3,0.6,-0.8,3.7,4,7.1,5.4,9.8,5,4.2,2.7,6.7,6,-4.2,-5.4,-1.9,7,-10.2,-11.2,-7.8,8,-14.3,-15.3,-11.1,9,-11.1,-12.1,-8.1,10,0.3,-1.5,3.2,11,-4.0,-5.6,-1.4,12,-3.4,-5.0,-1.1,13,-4.0,-5.4,-1.6,14,3.1,1.5,5.5,15,-0.9,-2.3,1.4,16,-2.7,-4.0,-0.6,17,-2.5,-3.7,-0.5,18,-3.1,-4.2,-1.2,19,-4.0,-5.2,-2.3,20
3511,矽瑪,3511-矽瑪-18,,,,,,,,,190.7,180.5,192.4,1,66.6,63.6,67.6,2,-2.8,-4.0,-0.9,3,-0.9,-2.2,0.7,4,-4.6,-5.9,-3.1,5,-1.2,-2.5,0.1,6,6.0,4.4,7.4,7,-0.8,-2.2,0.5,8,-1.9,-3.1,-0.7,9,1.3,0.1,2.5,10,7.2,5.8,8.3,11,3.3,2.1,4.5,12,5.7,4.5,6.8,13,3.7,2.6,4.8,14,2.8,1.8,3.7,15,3.9,2.9,4.8,16,0.4,-0.6,1.3,17,1.6,0.6,2.4,18
3512,皇龍,3512-皇龍-20,-68.3,-68.4,-63.7,1,-63.9,-64.4,-55.3,2,-24.9,-30.3,-16.1,3,-19.1,-23.7,-12.3,4,-34.6,-37.4,-27.4,5,-26.1,-29.7,-21.0,6,-16.5,-20.8,-12.4,7,0.7,-4.9,4.6,8,-2.6,-7.2,0.8,9,-3.3,-7.3,-0.4,10,-0.3,-4.2,2.3,11,-1.8,-5.3,0.6,12,-1.1,-4.2,1.1,13,-1.4,-4.2,0.6,14,0.0,-2.6,1.9,15,-0.4,-2.8,1.3,16,1.0,-1.3,2.6,17,0.5,-1.7,2.0,18,-0.9,-2.9,0.5,19,-0.7,-2.5,0.6,20
3515,華擎,3515-華擎-20,-12.6,-12.7,-10.2,1,-47.7,-47.8,-41.9,2,3.5,-0.1,10.4,3,-4.8,-7.3,0.1,4,-4.3,-6.4,-0.5,5,-1.7,-3.6,1.5,6,1.0,-0.8,3.6,7,-3.0,-4.5,-0.6,8,-8.4,-9.6,-5.9,9,-7.3,-8.4,-5.1,10,-0.7,-2.2,1.2,11,-2.2,-3.6,-0.3,12,1.0,-0.4,2.7,13,6.5,5.0,8.1,14,10.5,9.0,12.0,15,5.5,4.1,6.9,16,9.0,7.7,10.4,17,7.9,6.6,9.2,18,7.7,6.5,9.0,19,6.6,5.4,7.7,20
3516,亞帝歐,3516-亞帝歐-20,,,,,,,,,,,,,,,,,,,,,,,,,,,,,,,,,,,,,,,,,,,,,,,,,,,,,,,,,,,,,,,,,,,,,2.3,1.0,3.4,18,1.2,-0.1,2.2,19,2.5,1.3,3.5,20
3518,柏騰,3518-柏騰-20,,,,,,,,,,,,,,,,,,,,,,,,,,,,,,,,,,,,,,,,,,,,,,,,,,,,,,,,,,,,,,,,,,,,,,,,,-4.1,-5.4,-2.4,19,-1.7,-3.1,-0.1,20
3519,綠能,3519-綠能-12,,,,,,,,,,,,,,,,,,,,,,,,,,,,,,,,,,,,,,,,,,,,,,,,,,,,,,,,,,,,,,,,,,,,,-31.9,-33.9,-22.2,12,-31.9,-33.9,-22.2,12,-31.9,-33.9,-22.2,12
3520,華盈,3520-華盈-20,,,,,,,,,,,,,,,,,,,,,,,,,,,,,,,,,,,,,,,,,,,,,,,,,,,,,,,,,,,,,,,,,,,,,0.1,-1.3,1.6,18,-0.9,-2.2,0.5,19,-0.6,-1.8,0.8,20
3521,台鋼建設,3521-台鋼建設-20,,,,,,,,,,,,,,,,,,,,,,,,,,,,,,,,,,,,,,,,,,,,,,,,,,,,,,,,,,,,,,,,,,,,,-1.7,-3.3,-0.0,18,-3.1,-4.5,-1.4,19,-3.0,-4.3,-1.5,20
3522,御嵿,3522-御嵿-20,,,,,,,,,,,,,,,,,,,,,,,,,,,,,,,,,,,,,,,,,,,,,,,,,,,,,,,,,,,,,,,,,,,,,0.6,-1.2,2.4,18,-0.7,-2.4,1.1,19,-2.8,-4.4,-1.2,20
3523,迎輝,3523-迎輝-20,,,,,,,,,,,,,,,,,,,,,,,,,,,,,,,,,,,,,,,,,,,,,,,,,,,,,,,,,,,,,,,,,-3.6,-5.0,-1.1,17,-2.3,-3.6,0.0,18,-2.5,-3.8,-0.3,19,-3.3,-4.5,-1.2,20
3526,凡甲,3526-凡甲-20,,,,,,,,,,,,,,,,,,,,,,,,,,,,,,,,,,,,,,,,,,,,,,,,,,,,,,,,,,,,,,,,,13.2,12.0,14.4,17,14.5,13.4,15.7,18,13.1,12.0,14.2,19,14.0,12.9,15.0,20
3527,聚積,3527-聚積-20,,,,,,,,,,,,,,,,,,,,,,,,,,,,,,,,,,,,,,,,,,,,,,,,,,,,,,,,,,,,,,,,,,,,,-0.8,-2.0,0.7,18,-1.5,-2.7,-0.2,19,-0.9,-2.0,0.3,20
3528,安馳,3528-安馳-16,,,,,,,,,,,,,,,,,,,,,,,,,,,,,,,,,,,,,,,,,,,,,,,,,,,,,,,,,,,,,9.4,8.8,10.0,12,9.5,8.9,10.0,13,8.5,8.0,9.0,14,9.6,9.1,10.1,15,11.5,11.0,11.9,16
3529,力旺,3529-力旺-16,,,,,,,,,,,,,,,,,,,,,,,,,,,,,,,,,,,,,,,,,,,,,,,,,,,,,,,,,,,,,,,,,27.5,26.3,28.3,13,27.9,26.8,28.7,14,20.1,19.2,20.9,15,21.7,20.7,22.4,16
3530,晶相光,3530-晶相光-9,,,,,,,,,,,,,,,,,,,,,,,,,,,,,,,,,,,,,,,,,,,,,,,,,,,,,,,,,,,,,,,,,-2.6,-4.3,-0.0,6,-3.7,-5.4,-1.5,7,-5.8,-7.2,-3.6,8,-5.8,-7.0,-3.7,9
3531,先益,3531-先益-19,,,,,,,,,,,,,,,,,,,,,,,,,,,,,,,,,,,,,,,,,,,,,,,,,,,,,,,,,,,,,,,,,4.0,3.0,5.1,16,2.7,1.8,3.7,17,1.4,0.5,2.4,18,1.6,0.8,2.5,19
3532,台勝科,3532-台勝科-20,,,,,,,,,,,,,,,,,,,,,,,,,,,,,,,,,,,,,,,,,,,,,,,,,,,,,,,,,,,,,,,,,5.0,3.4,6.6,17,1.7,0.3,3.2,18,1.4,0.1,2.8,19,9.0,7.6,10.4,20
3533,嘉澤,3533-嘉澤-20,,,,,,,,,,,,,,,,,,,,,,,,,,,,,,,,,,,,,,,,,,,,,,,,,,,,,,,,,,,,,,,,,23.0,22.2,23.8,17,25.7,24.9,26.4,18,21.3,20.6,22.0,19,22.7,22.0,23.4,20
3535,晶彩科,3535-晶彩科-19,,,,,,,,,,,,,,,,,,,,,,,,,,,,,,,,,,,,,,,,,,,,,,,,,,,,,,,,,,,,,,,,,1.3,0.1,2.7,16,7.3,6.1,8.7,17,10.5,9.2,11.8,18,10.5,9.3,11.7,19
3536,誠創,3536-誠創-16,,,,,,,,,,,,,,,,,,,,,,,,,,,,,,,,,,,,,,,,,,,,,,,,,,,,,,,,,,,,,,,,,,,,,-8.3,-10.3,-6.0,16,-8.3,-10.3,-6.0,16,-8.3,-10.3,-6.0,16
3537,堡達,3537-堡達-17,,,,,,,,,,,,,,,,,,,,,,,,,,,,,,,,,,,,,,,,,,,,,,,,,,,,,,,,,,,,,8.2,7.2,9.0,13,9.1,8.2,9.9,14,11.0,10.2,11.8,15,9.6,8.8,10.3,16,10.9,10.1,11.5,17
3540,曜越,3540-曜越-20,,,,,,,,,,,,,,,,,,,,,,,,,,,,,,,,,,,,,,,,,,,,,,,,,,,,,,,,,,,,,,,,,4.6,3.2,6.0,17,3.3,2.0,4.5,18,2.1,0.9,3.3,19,0.7,-0.4,1.8,20
3541,西柏,3541-西柏-18,,,,,,,,,,,,,,,,,,,,,,,,,,,,,,,,,,,,,,,,,,,,,,,,,,,,,,,,,,,,,,,,,,,,,4.7,4.2,5.2,16,3.0,2.6,3.5,17,2.3,1.9,2.8,18
3543,州巧,3543-州巧-7,,,,,,,,,,,,,,,,,,,,,,,,,,,,,,,,,,,,,,,,,,,,,,,,,,,,,,,,,,,,,4.6,3.7,5.6,3,9.4,8.4,10.2,4,7.2,6.4,8.1,5,16.7,15.6,17.8,6,8.9,8.0,9.9,7
3545,敦泰,3545-敦泰-20,,,,,,,,,,,,,,,,,,,,,,,,,,,,,,,,,,,,,,,,,,,,,,,,,,,,,,,,,,,,,,,,,5.4,3.8,7.4,17,3.7,2.3,5.6,18,0.6,-0.7,2.4,19,1.3,0.0,2.9,20
3546,宇峻,3546-宇峻-19,,,,,,,,,,,,,,,,,,,,,,,,,,,,,,,,,,,,,,,,,,,,,,,,,,,,,,,,,,,,,,,,,5.9,5.0,7.5,16,5.9,5.0,7.3,17,5.6,4.7,6.9,18,5.4,4.6,6.6,19
3548,兆利,3548-兆利-19,,,,,,,,,,,,,,,,,,,,,,,,,,,,,,,,,,,,,,,,,,,,,,,,,,,,,,,,,,,,,,,,,11.3,9.7,13.0,16,10.1,8.6,11.7,17,5.4,4.0,6.8,18,4.5,3.2,5.9,19
3550,聯穎,3550-聯穎-17,,,,,,,,,,,,,,,,,,,,,,,,,,,,,,,,,,,,,,,,,,,,,,,,,,,,,,,,,,,,,,,,,,,,,2.2,1.3,3.1,15,1.5,0.7,2.5,16,4.8,3.9,5.7,17
3551,世禾,3551-世禾-19,,,,,,,,,,,,,,,,,,,,,,,,,,,,,,,,,,,,,,,,,,,,,,,,,,,,,,,,,,,,,,,,,7.0,6.2,7.9,16,9.2,8.4,10.0,17,11.3,10.5,12.1,18,10.8,10.0,11.5,19
3552,同致,3552-同致-18,,,,,,,,,,,,,,,,,,,,,,,,,,,,,,,,,,,,,,,,,,,,,,,,,,,,,,,,,,,,,,,,,14.6,14.0,15.0,15,10.8,10.3,11.1,16,7.8,7.3,8.2,17,5.6,5.1,5.9,18
3555,博士旺,3555-博士旺-16,,,,,,,,,,,,,,,,,,,,,,,,,,,,,,,,,,,,,,,,,,,,,,,,,,,,,,,,,,,,,,,,,-1.6,-3.4,2.6,13,-1.2,-2.9,2.7,14,5.3,3.4,9.1,15,9.9,8.0,13.5,16
3556,禾瑞亞,3556-禾瑞亞-19,,,,,,,,,,,,,,,,,,,,,,,,,,,,,,,,,,,,,,,,,,,,,,,,,,,,,,,,,,,,,,,,,6.3,5.1,7.6,16,3.6,2.5,4.8,17,2.5,1.5,3.6,18,6.5,5.5,7.5,19
3557,嘉威,3557-嘉威-19,,,,,,,,,,,,,,,,,,,,,,,,,,,,,,,,,,,,,,,,,,,,,,,,,,,,,,,,,,,,,8.6,5.9,11.2,15,9.7,7.1,12.2,16,10.4,8.0,12.7,17,5.6,3.4,7.7,18,3.5,1.5,5.5,19
3558,神準,3558-神準-14,,,,,,,,,,,,,,,,,,,,,,,,,,,,,,,,,,,,,,,,,,,,,,,,,,,,,,,,,,,,,,,,,7.9,6.9,8.8,11,5.2,4.4,6.1,12,1.5,0.7,2.3,13,2.2,1.5,3.1,14
3562,頂晶科,3562-頂晶科-13,,,,,,,,,,,,,,,,,,,,,,,,,,,,,,,,,,,,,,,,,,,,,,,,,,,,,,,,,,,,,,,,,-2.6,-5.7,1.0,13,-2.6,-5.7,1.0,13,-2.6,-5.7,1.0,13,-2.6,-5.7,1.0,13
3563,牧德,3563-牧德-16,,,,,,,,,,,,,,,,,,,,,,,,,,,,,,,,,,,,,,,,,,,,,,,,,,,,,,,,,,,,,,,,,20.5,19.8,20.8,13,23.9,23.3,24.3,14,24.4,23.7,24.7,15,24.9,24.3,25.2,16
3564,其陽,3564-其陽-14,,,,,,,,,,,,,,,,,,,,,,,,,18.7,16.4,20.3,1,-17.0,-17.7,-14.0,2,-3.2,-4.5,-0.8,3,-8.4,-9.5,-6.4,4,-13.4,-14.2,-11.2,5,-16.1,-16.7,-13.7,6,-4.5,-5.9,-2.5,7,-8.2,-9.3,-6.2,8,-4.5,-5.7,-2.5,9,-3.9,-5.0,-2.1,10,1.6,0.3,3.4,11,4.5,3.2,6.2,12,0.7,-0.5,2.2,13,1.5,0.3,2.9,14
3567,逸昌,3567-逸昌-17,,,,,,,,,,,,,29.4,27.7,29.6,1,-25.5,-26.0,-22.8,2,-12.4,-13.4,-10.4,3,-0.7,-2.2,1.0,4,2.4,1.0,3.9,5,2.6,1.4,4.1,6,11.1,9.8,12.5,7,14.7,13.4,15.9,8,10.7,9.5,11.8,9,8.9,7.8,9.9,10,11.1,10.1,12.0,11,12.6,11.7,13.5,12,8.1,7.3,8.9,13,12.1,11.3,12.9,14,9.2,8.5,10.0,15,7.2,6.5,7.9,16,8.0,7.3,8.6,17
3570,大塚,3570-大塚-19,,,,,-5.6,-5.9,-2.5,1,22.7,21.2,25.1,2,19.5,18.2,21.3,3,17.9,16.6,19.3,4,13.7,12.6,14.8,5,40.3,38.8,41.5,6,26.4,25.2,27.4,7,14.0,13.0,14.9,8,11.7,10.8,12.4,9,9.6,8.8,10.3,10,8.7,8.0,9.3,11,14.2,13.4,14.8,12,12.2,11.6,12.8,13,11.6,10.9,12.1,14,11.8,11.3,12.3,15,15.2,14.6,15.7,16,15.5,14.9,16.0,17,13.9,13.4,14.4,18,13.3,12.8,13.7,19
3573,穎台,3573-穎台-8,,,,,,,,,38.5,36.0,40.0,1,2.8,1.6,5.1,2,-31.3,-31.9,-27.5,3,-19.8,-21.3,-16.9,4,-19.8,-21.1,-17.0,5,-19.5,-20.6,-16.6,6,-14.5,-15.6,-10.9,7,-11.9,-12.7,-8.9,8,-11.9,-12.7,-8.9,8,-11.9,-12.7,-8.9,8,-11.9,-12.7,-8.9,8,-11.9,-12.7,-8.9,8,-11.9,-12.7,-8.9,8,-11.9,-12.7,-8.9,8,-11.9,-12.7,-8.9,8,-11.9,-12.7,-8.9,8,-11.9,-12.7,-8.9,8,-11.9,-12.7,-8.9,8
3576,聯合再生,3576-聯合再生-18,,,,,,,,,121.4,115.4,125.0,1,37.7,35.6,39.6,2,-17.3,-18.2,-14.0,3,-12.5,-14.0,-9.4,4,7.0,4.6,9.8,5,-0.9,-2.7,1.6,6,-3.5,-4.9,-0.9,7,-8.5,-9.7,-6.1,8,-8.2,-9.2,-6.0,9,-12.1,-13.0,-9.8,10,-10.5,-11.6,-8.5,11,-4.2,-5.7,-1.9,12,-0.5,-2.1,1.7,13,-0.9,-2.3,1.2,14,-3.0,-4.3,-1.1,15,-4.9,-6.1,-3.2,16,-5.3,-6.3,-3.6,17,-1.5,-2.7,0.1,18
3577,泓格,3577-泓格-18,,,,,,,,,311.9,294.8,319.6,1,55.1,51.8,57.4,2,8.5,7.0,10.5,3,2.9,1.6,4.5,4,14.1,12.5,15.5,5,13.5,12.1,14.7,6,6.1,4.9,7.2,7,7.4,6.3,8.4,8,6.4,5.5,7.3,9,6.4,5.5,7.2,10,7.0,6.2,7.8,11,5.1,4.4,5.8,12,10.4,9.6,11.1,13,13.3,12.5,13.9,14,12.7,12.0,13.3,15,10.0,9.3,10.6,16,9.5,8.8,10.0,17,12.9,12.3,13.5,18
3579,尚志,3579-尚志-11,,,,,,,,,7.8,7.6,8.6,1,21.3,20.2,22.5,2,-20.9,-21.6,-17.6,3,-18.8,-20.1,-15.2,4,-14.3,-15.7,-11.2,5,-15.3,-16.6,-12.3,6,-14.6,-15.6,-10.5,7,-16.5,-17.4,-12.8,8,-9.9,-11.4,-6.8,9,-17.1,-18.3,-13.7,10,-24.0,-25.4,-16.8,11,-24.0,-25.4,-16.8,11,-24.0,-25.4,-16.8,11,-24.0,-25.4,-16.8,11,-24.0,-25.4,-16.8,11,-24.0,-25.4,-16.8,11,-24.0,-25.4,-16.8,11,-24.0,-25.4,-16.8,11
3580,友威科,3580-友威科-17,,,,,,,,,,,,,-37.7,-38.6,-35.3,1,-47.3,-47.8,-43.3,2,-35.4,-36.8,-32.1,3,-30.8,-32.1,-27.5,4,-11.6,-14.8,-8.6,5,-14.5,-16.9,-10.5,6,6.8,3.1,10.8,7,13.8,10.2,17.6,8,2.9,0.0,6.1,9,3.9,1.2,6.8,10,10.6,8.0,13.6,11,9.5,7.1,12.2,12,8.8,6.6,11.3,13,7.5,5.4,9.7,14,10.5,8.5,12.6,15,8.0,6.2,9.9,16,9.9,8.1,11.8,17
3581,博磊,3581-博磊-12,,,,,,,,,,,,,,,,,,,,,,,,,,,,,,,,,-45.5,-45.8,-41.9,1,-14.6,-16.5,-11.9,2,4.5,2.0,6.6,3,-6.9,-8.6,-4.7,4,-1.5,-3.2,0.3,5,3.0,1.4,5.0,6,6.5,4.8,8.1,7,3.0,1.6,4.5,8,4.7,3.3,6.1,9,11.2,9.7,12.5,10,13.9,12.5,15.2,11,18.2,16.8,19.4,12
3583,辛耘,3583-辛耘-14,,,,,,,,,,,,,,,,,,,,,,,,,-6.6,-7.0,-3.6,1,2.9,2.1,4.8,2,8.7,7.7,10.2,3,1.1,0.4,2.5,4,8.6,7.7,9.9,5,-1.5,-2.3,-0.3,6,3.0,2.1,4.1,7,2.6,1.7,3.9,8,8.7,7.8,9.9,9,3.6,2.8,4.8,10,14.1,13.1,15.3,11,18.6,17.6,19.7,12,15.3,14.4,16.3,13,21.2,20.3,22.1,14
3587,閎康,3587-閎康-18,,,,,,,,,8.6,8.2,9.9,1,12.7,11.8,13.8,2,2.0,1.3,3.1,3,28.0,26.6,29.1,4,29.1,27.8,30.0,5,21.1,20.0,21.8,6,17.4,16.5,18.2,7,19.9,19.1,20.6,8,17.3,16.6,18.0,9,11.8,11.1,12.4,10,14.3,13.6,14.9,11,13.5,12.9,14.1,12,17.9,17.3,18.5,13,16.3,15.7,16.8,14,18.5,18.0,19.0,15,17.8,17.2,18.2,16,14.5,14.0,14.9,17,16.4,15.9,16.8,18
3588,通嘉,3588-通嘉-18,,,,,,,,,-11.2,-11.5,-8.5,1,-22.2,-22.5,-19.6,2,-37.2,-37.3,-32.5,3,-25.0,-26.1,-21.2,4,-22.4,-23.2,-18.9,5,-15.6,-17.0,-12.7,6,-16.6,-17.8,-13.2,7,-11.1,-12.6,-8.0,8,-12.1,-13.3,-9.3,9,-12.2,-13.4,-9.7,10,-7.2,-8.6,-5.0,11,0.7,-1.0,3.0,12,7.6,5.8,9.8,13,-0.1,-1.6,2.0,14,3.2,1.6,5.2,15,1.8,0.3,3.6,16,-0.3,-1.6,1.4,17,1.6,0.3,3.2,18
3591,艾笛森,3591-艾笛森-17,,,,,,,,,,,,,47.9,45.8,48.9,1,-24.6,-25.2,-21.1,2,-25.2,-26.1,-21.5,3,-18.8,-19.8,-15.5,4,-19.3,-20.4,-15.9,5,-21.1,-22.1,-17.8,6,-19.4,-20.4,-16.2,7,-14.3,-15.7,-11.7,8,-13.1,-14.6,-10.6,9,-11.2,-12.7,-9.0,10,-6.4,-8.0,-3.9,11,-3.9,-5.5,-1.7,12,-6.0,-7.4,-3.8,13,-2.2,-3.7,-0.2,14,-1.4,-2.9,0.4,15,-3.4,-4.7,-1.7,16,-1.1,-2.4,0.5,17
3592,瑞鼎,3592-瑞鼎-5,,,,,,,,,,,,,,,,,,,,,,,,,,,,,,,,,,,,,,,,,,,,,,,,,,,,,,,,,,,,,-36.6,-37.4,-31.2,1,-2.9,-4.5,1.2,2,-1.2,-2.6,1.8,3,-13.6,-14.5,-10.7,4,-6.0,-7.1,-3.6,5
3593,力銘,3593-力銘-18,,,,,,,,,133.7,126.8,134.3,1,19.1,17.2,20.7,2,-16.6,-17.5,-14.3,3,-11.8,-13.0,-9.9,4,-6.6,-7.8,-4.8,5,0.0,-1.5,1.8,6,-8.1,-9.4,-6.0,7,-10.2,-11.3,-8.3,8,-2.2,-3.8,-0.5,9,-5.7,-7.0,-3.9,10,-4.5,-5.7,-2.6,11,-1.0,-2.3,0.8,12,0.8,-0.5,2.4,13,-0.4,-1.6,1.1,14,-1.5,-2.6,-0.1,15,-4.1,-5.1,-2.6,16,-0.5,-1.7,0.9,17,0.4,-0.8,1.7,18
3594,磐儀,3594-磐儀-14,,,,,,,,,,,,,,,,,,,,,,,,,16.1,15.0,18.8,1,44.9,42.2,46.7,2,0.5,-0.8,2.9,3,-3.0,-4.2,-1.0,4,0.6,-0.7,2.3,5,-3.6,-4.7,-2.0,6,-0.7,-1.9,0.7,7,1.5,0.4,2.9,8,-0.5,-1.5,0.8,9,1.6,0.5,2.7,10,6.9,5.8,8.0,11,7.3,6.2,8.3,12,3.7,2.8,4.7,13,5.7,4.8,6.6,14
3596,智易,3596-智易-18,,,,,,,,,34.8,33.1,35.7,1,-2.7,-3.6,-1.4,2,-16.5,-17.0,-14.1,3,-13.0,-14.0,-10.6,4,-2.0,-3.4,-0.1,5,-1.9,-3.1,-0.1,6,-1.7,-2.8,0.5,7,3.5,2.3,5.6,8,2.7,1.6,4.5,9,6.5,5.4,8.2,10,8.3,7.2,9.8,11,7.9,6.9,9.3,12,10.1,9.2,11.5,13,7.4,6.6,8.7,14,11.3,10.4,12.5,15,10.8,10.0,12.0,16,9.9,9.2,11.0,17,10.2,9.5,11.2,18
3597,映興,3597-映興-7,,,,,,,,,,,,,,,,,,,,,,,,,,,,,,,,,,,,,,,,,,,,,,,,,,,,,24.3,22.5,26.6,1,47.6,45.1,48.9,2,16.1,14.8,17.2,3,11.0,10.0,11.9,4,22.3,20.9,23.0,5,9.8,8.7,10.5,6,9.1,8.2,9.8,7
3605,宏致,3605-宏致-18,,,,,,,,,78.4,74.5,80.6,1,2.7,1.6,4.9,2,-1.8,-2.8,-0.1,3,-7.2,-8.2,-5.6,4,-13.3,-13.9,-11.2,5,-0.2,-1.6,1.6,6,-5.3,-6.5,-2.8,7,-6.1,-7.2,-3.9,8,-4.7,-5.8,-2.8,9,-4.8,-5.9,-2.9,10,-1.3,-2.4,0.5,11,1.6,0.5,3.5,12,3.2,2.1,5.0,13,-0.4,-1.4,1.3,14,-0.2,-1.1,1.4,15,2.5,1.5,3.9,16,3.7,2.8,5.1,17,5.8,4.8,7.1,18
3607,谷崧,3607-谷崧-18,,,,,,,,,19.3,18.2,19.9,1,-16.7,-17.1,-14.9,2,-20.4,-21.1,-18.1,3,-1.0,-2.7,0.9,4,-4.3,-5.7,-2.5,5,0.6,-0.8,2.1,6,-0.6,-1.8,0.8,7,-4.3,-5.3,-2.9,8,-3.0,-4.0,-1.6,9,-9.2,-10.0,-7.6,10,-7.3,-8.2,-5.9,11,-7.2,-8.0,-5.4,12,-4.8,-5.6,-3.1,13,-6.9,-7.7,-5.3,14,-3.6,-4.5,-2.1,15,-2.4,-3.2,-1.0,16,-3.5,-4.3,-2.2,17,-2.4,-3.2,-1.2,18
3609,三一東林,3609-三一東林-16,,,,,,,,,,,,,,,,,-45.9,-46.7,-42.5,1,-42.4,-43.3,-38.4,2,-18.5,-20.8,-15.1,3,-16.2,-18.4,-13.4,4,-17.5,-19.1,-15.0,5,-10.8,-12.6,-8.6,6,-10.5,-12.1,-8.6,7,-7.2,-8.8,-5.6,8,-3.5,-5.1,-2.1,9,2.2,0.4,3.5,10,7.1,5.2,8.3,11,6.1,4.4,7.2,12,2.4,0.9,3.5,13,3.3,1.9,4.4,14,3.1,1.7,4.1,15,0.4,-0.8,1.4,16
3611,鼎翰,3611-鼎翰-19,,,,,5.8,5.0,7.0,1,83.8,80.2,85.0,2,52.4,50.4,53.2,3,41.3,39.7,41.9,4,32.4,31.2,32.9,5,49.1,47.8,49.5,6,43.9,42.8,44.3,7,42.9,41.9,43.2,8,33.2,32.4,33.5,9,28.7,28.0,29.0,10,24.2,23.6,24.4,11,25.2,24.6,25.4,12,21.1,20.6,21.3,13,19.8,19.4,20.0,14,18.3,17.8,18.5,15,19.6,19.2,19.8,16,17.2,16.8,17.4,17,16.1,15.8,16.3,18,15.3,15.0,15.5,19
3615,安可,3615-安可-18,,,,,,,,,-36.4,-36.9,-31.4,1,-28.6,-29.0,-24.3,2,-5.8,-8.2,-2.4,3,-3.9,-5.9,-0.6,4,-12.4,-13.9,-9.3,5,-13.8,-15.0,-10.7,6,-15.1,-16.0,-11.4,7,-10.3,-11.5,-7.1,8,-9.1,-10.3,-6.3,9,-11.5,-12.6,-8.8,10,-9.5,-10.5,-7.1,11,-4.5,-5.9,-2.1,12,-4.2,-5.5,-2.0,13,-6.3,-7.5,-4.2,14,-3.6,-4.8,-1.7,15,-1.8,-3.2,-0.1,16,-2.4,-3.6,-0.7,17,1.7,0.4,3.3,18
3617,碩天,3617-碩天-18,,,,,,,,,-4.0,-4.2,-3.3,1,-29.9,-30.1,-27.7,2,-25.6,-27.1,-22.7,3,-17.2,-18.9,-14.8,4,-4.8,-6.9,-2.7,5,-6.0,-7.7,-4.1,6,2.1,0.1,4.0,7,2.0,0.2,3.7,8,2.2,0.6,3.7,9,-0.1,-1.5,1.3,10,3.6,2.2,4.8,11,1.9,0.7,3.1,12,0.3,-0.8,1.4,13,2.5,1.4,3.6,14,8.2,7.0,9.2,15,12.2,11.0,13.2,16,7.3,6.3,8.3,17,7.8,6.8,8.7,18
3622,洋華,3622-洋華-18,,,,,,,,,100.9,94.8,102.0,1,26.4,24.3,27.8,2,-27.6,-28.5,-24.1,3,-20.8,-22.3,-17.6,4,-25.6,-26.6,-21.4,5,-24.5,-25.5,-20.2,6,-27.0,-27.8,-21.4,7,-20.5,-22.0,-16.2,8,-11.9,-14.0,-8.3,9,-12.4,-14.2,-9.2,10,-7.4,-9.4,-4.7,11,-2.8,-4.8,-0.1,12,-3.6,-5.5,-1.1,13,-3.4,-5.1,-1.1,14,0.2,-1.5,2.3,15,2.6,0.8,4.5,16,2.5,0.8,4.4,17,2.0,0.5,3.8,18
3623,富晶通,3623-富晶通-17,,,,,,,,,,,,,-55.6,-56.0,-52.2,1,-53.0,-54.3,-48.1,2,-40.4,-42.8,-34.8,3,-7.8,-13.4,-2.2,4,2.0,-3.4,6.8,5,1.4,-3.0,5.6,6,5.0,1.1,8.8,7,2.0,-1.3,5.2,8,-3.7,-6.4,-0.8,9,-3.0,-5.4,-0.4,10,-5.4,-7.4,-2.9,11,-2.7,-4.8,-0.4,12,-4.4,-6.2,-2.3,13,1.3,-0.8,3.3,14,-1.1,-3.0,0.7,15,-0.8,-2.6,0.9,16,-0.8,-2.5,0.8,17
3624,光頡,3624-光頡-16,,,,,,,,,,,,,,,,,-54.0,-54.8,-49.1,1,-26.8,-28.9,-22.9,2,-18.5,-20.3,-15.4,3,-12.1,-13.9,-9.5,4,-7.3,-8.9,-4.6,5,-7.6,-8.9,-5.2,6,-2.1,-3.5,0.0,7,-0.1,-1.7,1.8,8,-0.7,-2.1,1.0,9,0.3,-1.1,2.0,10,10.0,8.5,11.7,11,2.6,1.3,4.2,12,5.6,4.3,7.0,13,3.3,2.1,4.6,14,5.1,3.9,6.4,15,10.8,9.6,12.1,16
3625,西勝,3625-西勝-18,,,,,,,,,19.9,18.8,20.1,1,-15.7,-16.2,-13.7,2,-36.3,-36.6,-32.4,3,-22.3,-23.8,-19.2,4,-15.9,-17.6,-13.3,5,-14.2,-16.1,-11.9,6,-12.0,-13.9,-9.5,7,2.0,-0.7,4.5,8,4.2,1.6,6.3,9,1.1,-1.0,3.2,10,1.4,-0.5,3.3,11,-0.7,-2.4,1.2,12,2.2,0.5,4.0,13,-3.4,-4.8,-1.7,14,-1.4,-2.9,0.1,15,-0.4,-1.8,1.1,16,0.4,-1.0,1.9,17,-0.6,-1.9,0.8,18
6776,展碁國際,6776-展碁國際-6,,,,,,,,,,,,,,,,,,,,,,,,,,,,,,,,,,,,,,,,,,,,,,,,,,,,,,,,,-35.3,-35.6,-31.7,1,-20.1,-20.3,-17.4,2,0.4,-0.8,2.6,3,3.1,1.9,4.7,4,0.1,-0.8,1.6,5,1.3,0.4,2.6,6
6781,AES-KY,6781-AES-KY-6,,,,,,,,,,,,,,,,,,,,,,,,,,,,,,,,,,,,,,,,,,,,,,,,,,,,,,,,,290.9,274.4,296.9,1,15.6,13.1,18.5,2,16.5,14.5,18.5,3,24.3,22.4,26.6,4,22.1,20.4,24.2,5,15.3,14.0,17.0,6
6782,視陽,6782-視陽-5,,,,,,,,,,,,,,,,,,,,,,,,,,,,,,,,,,,,,,,,,,,,,,,,,,,,,,,,,,,,,10.8,9.1,11.5,1,-7.5,-8.7,-5.3,2,-10.5,-11.7,-8.7,3,-8.1,-9.2,-6.2,4,-2.2,-3.4,-0.6,5
6785,昱展新藥,6785-昱展新藥-3,,,,,,,,,,,,,,,,,,,,,,,,,,,,,,,,,,,,,,,,,,,,,,,,,,,,,,,,,,,,,,,,,,,,,-29.6,-31.8,-27.6,1,24.4,20.0,27.3,2,-16.4,-18.3,-13.6,3
6788,華景電,6788-華景電-6,,,,,,,,,,,,,,,,,,,,,,,,,,,,,,,,,,,,,,,,,,,,,,,,,,,,,,,,,5.3,3.5,6.1,1,-29.5,-30.2,-26.7,2,-8.1,-10.0,-5.9,3,8.4,5.9,10.3,4,18.8,16.2,20.8,5,16.6,14.5,18.4,6
6789,,6789-None,,,,,,,,,,,,,,,,,,,,,,,,,,,,,,,,,,,,,,,,,,,,,,,,,,,,,,,,,,,,,,,,,,,,,,,,,,,,,,,,
6790,,6790-None,,,,,,,,,,,,,,,,,,,,,,,,,,,,,,,,,,,,,,,,,,,,,,,,,,,,,,,,,,,,,,,,,,,,,,,,,,,,,,,,
6791,,6791-None,,,,,,,,,,,,,,,,,,,,,,,,,,,,,,,,,,,,,,,,,,,,,,,,,,,,,,,,,,,,,,,,,,,,,,,,,,,,,,,,
6792,,6792-None,,,,,,,,,,,,,,,,,,,,,,,,,,,,,,,,,,,,,,,,,,,,,,,,,,,,,,,,,,,,,,,,,,,,,,,,,,,,,,,,
6794,,6794-None,,,,,,,,,,,,,,,,,,,,,,,,,,,,,,,,,,,,,,,,,,,,,,,,,,,,,,,,,,,,,,,,,,,,,,,,,,,,,,,,
6796,,6796-None,,,,,,,,,,,,,,,,,,,,,,,,,,,,,,,,,,,,,,,,,,,,,,,,,,,,,,,,,,,,,,,,,,,,,,,,,,,,,,,,
6799,,6799-None,,,,,,,,,,,,,,,,,,,,,,,,,,,,,,,,,,,,,,,,,,,,,,,,,,,,,,,,,,,,,,,,,,,,,,,,,,,,,,,,
6803,,6803-None,,,,,,,,,,,,,,,,,,,,,,,,,,,,,,,,,,,,,,,,,,,,,,,,,,,,,,,,,,,,,,,,,,,,,,,,,,,,,,,,
6804,,6804-None,,,,,,,,,,,,,,,,,,,,,,,,,,,,,,,,,,,,,,,,,,,,,,,,,,,,,,,,,,,,,,,,,,,,,,,,,,,,,,,,
6805,,6805-None,,,,,,,,,,,,,,,,,,,,,,,,,,,,,,,,,,,,,,,,,,,,,,,,,,,,,,,,,,,,,,,,,,,,,,,,,,,,,,,,
6806,,6806-None,,,,,,,,,,,,,,,,,,,,,,,,,,,,,,,,,,,,,,,,,,,,,,,,,,,,,,,,,,,,,,,,,,,,,,,,,,,,,,,,
6807,,6807-None,,,,,,,,,,,,,,,,,,,,,,,,,,,,,,,,,,,,,,,,,,,,,,,,,,,,,,,,,,,,,,,,,,,,,,,,,,,,,,,,
6811,,6811-None,,,,,,,,,,,,,,,,,,,,,,,,,,,,,,,,,,,,,,,,,,,,,,,,,,,,,,,,,,,,,,,,,,,,,,,,,,,,,,,,
6821,,6821-None,,,,,,,,,,,,,,,,,,,,,,,,,,,,,,,,,,,,,,,,,,,,,,,,,,,,,,,,,,,,,,,,,,,,,,,,,,,,,,,,
6823,,6823-None,,,,,,,,,,,,,,,,,,,,,,,,,,,,,,,,,,,,,,,,,,,,,,,,,,,,,,,,,,,,,,,,,,,,,,,,,,,,,,,,
6829,,6829-None,,,,,,,,,,,,,,,,,,,,,,,,,,,,,,,,,,,,,,,,,,,,,,,,,,,,,,,,,,,,,,,,,,,,,,,,,,,,,,,,
6830,,6830-None,,,,,,,,,,,,,,,,,,,,,,,,,,,,,,,,,,,,,,,,,,,,,,,,,,,,,,,,,,,,,,,,,,,,,,,,,,,,,,,,
6831,,6831-None,,,,,,,,,,,,,,,,,,,,,,,,,,,,,,,,,,,,,,,,,,,,,,,,,,,,,,,,,,,,,,,,,,,,,,,,,,,,,,,,
6834,,6834-None,,,,,,,,,,,,,,,,,,,,,,,,,,,,,,,,,,,,,,,,,,,,,,,,,,,,,,,,,,,,,,,,,,,,,,,,,,,,,,,,
6835,,6835-None,,,,,,,,,,,,,,,,,,,,,,,,,,,,,,,,,,,,,,,,,,,,,,,,,,,,,,,,,,,,,,,,,,,,,,,,,,,,,,,,
6838,,6838-None,,,,,,,,,,,,,,,,,,,,,,,,,,,,,,,,,,,,,,,,,,,,,,,,,,,,,,,,,,,,,,,,,,,,,,,,,,,,,,,,
6840,,6840-None,,,,,,,,,,,,,,,,,,,,,,,,,,,,,,,,,,,,,,,,,,,,,,,,,,,,,,,,,,,,,,,,,,,,,,,,,,,,,,,,
6841,,6841-None,,,,,,,,,,,,,,,,,,,,,,,,,,,,,,,,,,,,,,,,,,,,,,,,,,,,,,,,,,,,,,,,,,,,,,,,,,,,,,,,
6843,,6843-None,,,,,,,,,,,,,,,,,,,,,,,,,,,,,,,,,,,,,,,,,,,,,,,,,,,,,,,,,,,,,,,,,,,,,,,,,,,,,,,,
6844,,6844-None,,,,,,,,,,,,,,,,,,,,,,,,,,,,,,,,,,,,,,,,,,,,,,,,,,,,,,,,,,,,,,,,,,,,,,,,,,,,,,,,
6846,,6846-None,,,,,,,,,,,,,,,,,,,,,,,,,,,,,,,,,,,,,,,,,,,,,,,,,,,,,,,,,,,,,,,,,,,,,,,,,,,,,,,,
8114,,8114-None,,,,,,,,,,,,,,,,,,,,,,,,,,,,,,,,,,,,,,,,,,,,,,,,,,,,,,,,,,,,,,,,,,,,,,,,,,,,,,,,
8121,,8121-None,,,,,,,,,,,,,,,,,,,,,,,,,,,,,,,,,,,,,,,,,,,,,,,,,,,,,,,,,,,,,,,,,,,,,,,,,,,,,,,,
8131,,8131-None,,,,,,,,,,,,,,,,,,,,,,,,,,,,,,,,,,,,,,,,,,,,,,,,,,,,,,,,,,,,,,,,,,,,,,,,,,,,,,,,
8147,,8147-None,,,,,,,,,,,,,,,,,,,,,,,,,,,,,,,,,,,,,,,,,,,,,,,,,,,,,,,,,,,,,,,,,,,,,,,,,,,,,,,,
8150,,8150-None,,,,,,,,,,,,,,,,,,,,,,,,,,,,,,,,,,,,,,,,,,,,,,,,,,,,,,,,,,,,,,,,,,,,,,,,,,,,,,,,
8155,,8155-None,,,,,,,,,,,,,,,,,,,,,,,,,,,,,,,,,,,,,,,,,,,,,,,,,,,,,,,,,,,,,,,,,,,,,,,,,,,,,,,,
8163,,8163-None,,,,,,,,,,,,,,,,,,,,,,,,,,,,,,,,,,,,,,,,,,,,,,,,,,,,,,,,,,,,,,,,,,,,,,,,,,,,,,,,
8171,,8171-None,,,,,,,,,,,,,,,,,,,,,,,,,,,,,,,,,,,,,,,,,,,,,,,,,,,,,,,,,,,,,,,,,,,,,,,,,,,,,,,,
8176,,8176-None,,,,,,,,,,,,,,,,,,,,,,,,,,,,,,,,,,,,,,,,,,,,,,,,,,,,,,,,,,,,,,,,,,,,,,,,,,,,,,,,
8182,,8182-None,,,,,,,,,,,,,,,,,,,,,,,,,,,,,,,,,,,,,,,,,,,,,,,,,,,,,,,,,,,,,,,,,,,,,,,,,,,,,,,,
8183,,8183-None,,,,,,,,,,,,,,,,,,,,,,,,,,,,,,,,,,,,,,,,,,,,,,,,,,,,,,,,,,,,,,,,,,,,,,,,,,,,,,,,
8201,,8201-None,,,,,,,,,,,,,,,,,,,,,,,,,,,,,,,,,,,,,,,,,,,,,,,,,,,,,,,,,,,,,,,,,,,,,,,,,,,,,,,,
8210,,8210-None,,,,,,,,,,,,,,,,,,,,,,,,,,,,,,,,,,,,,,,,,,,,,,,,,,,,,,,,,,,,,,,,,,,,,,,,,,,,,,,,
